"Timestamp","rainfall_in_mm","rain_station"
"23/03/2024 09:00:00",0,"Comiston"
"24/03/2024 09:00:00",0,"Comiston"
"25/03/2024 09:00:00",19.8,"Comiston"
"26/03/2024 09:00:00",10,"Comiston"
"27/03/2024 09:00:00",13.8,"Comiston"
"28/03/2024 09:00:00",13.6,"Comiston"
"29/03/2024 09:00:00",1.2,"Comiston"
"30/03/2024 09:00:00",0.4,"Comiston"
"31/03/2024 09:00:00",0,"Comiston"
"01/04/2024 09:00:00",16.6,"Comiston"
"02/04/2024 09:00:00",5.2,"Comiston"
"03/04/2024 09:00:00",22.6,"Comiston"
"04/04/2024 09:00:00",21.4,"Comiston"
"05/04/2024 09:00:00",8.4,"Comiston"
"06/04/2024 09:00:00",2.2,"Comiston"
"07/04/2024 09:00:00",0,"Comiston"
"08/04/2024 09:00:00",15.6,"Comiston"
"09/04/2024 09:00:00",2.4,"Comiston"
"10/04/2024 09:00:00",2.6,"Comiston"
"11/04/2024 09:00:00",2.2,"Comiston"
"12/04/2024 09:00:00",3.4,"Comiston"
"13/04/2024 09:00:00",4,"Comiston"
"14/04/2024 09:00:00",4.6,"Comiston"
"15/04/2024 09:00:00",0,"Comiston"
"16/04/2024 09:00:00",1,"Comiston"
"17/04/2024 09:00:00",0,"Comiston"
"18/04/2024 09:00:00",1.6,"Comiston"
"19/04/2024 09:00:00",0,"Comiston"
"20/04/2024 09:00:00",0,"Comiston"
"21/04/2024 09:00:00",0.6,"Comiston"
"22/04/2024 09:00:00",0,"Comiston"
"23/04/2024 09:00:00",0,"Comiston"
"24/04/2024 09:00:00",0,"Comiston"
"25/04/2024 09:00:00",0,"Comiston"
"26/04/2024 09:00:00",0,"Comiston"
"27/04/2024 09:00:00",1.4,"Comiston"
"28/04/2024 09:00:00",0.2,"Comiston"
"29/04/2024 09:00:00",0.4,"Comiston"
"30/04/2024 09:00:00",0,"Comiston"
"01/05/2024 09:00:00",0,"Comiston"
"02/05/2024 09:00:00",0,"Comiston"
"03/05/2024 09:00:00",3,"Comiston"
"04/05/2024 09:00:00",1.2,"Comiston"
"05/05/2024 09:00:00",10.2,"Comiston"
"06/05/2024 09:00:00",8.8,"Comiston"
"07/05/2024 09:00:00",0,"Comiston"
"08/05/2024 09:00:00",0.2,"Comiston"
"09/05/2024 09:00:00",0,"Comiston"
"10/05/2024 09:00:00",0,"Comiston"
"11/05/2024 09:00:00",0,"Comiston"
"12/05/2024 09:00:00",5,"Comiston"
"13/05/2024 09:00:00",0.2,"Comiston"
"14/05/2024 09:00:00",1,"Comiston"
"15/05/2024 09:00:00",0.2,"Comiston"
"16/05/2024 09:00:00",0,"Comiston"
"17/05/2024 09:00:00",0,"Comiston"
"18/05/2024 09:00:00",0,"Comiston"
"19/05/2024 09:00:00",0,"Comiston"
"20/05/2024 09:00:00",0,"Comiston"
"21/05/2024 09:00:00",1.6,"Comiston"
"22/05/2024 09:00:00",56.6,"Comiston"
"23/05/2024 09:00:00",70.6,"Comiston"
"24/05/2024 09:00:00",4.2,"Comiston"
"25/05/2024 09:00:00",12.2,"Comiston"
"26/05/2024 09:00:00",7.2,"Comiston"
"27/05/2024 09:00:00",9.2,"Comiston"
"28/05/2024 09:00:00",9.6,"Comiston"
"29/05/2024 09:00:00",23.2,"Comiston"
"30/05/2024 09:00:00",0,"Comiston"
"31/05/2024 09:00:00",0,"Comiston"
"01/06/2024 09:00:00",0,"Comiston"
"02/06/2024 09:00:00",0.2,"Comiston"
"03/06/2024 09:00:00",0.8,"Comiston"
"04/06/2024 09:00:00",0.2,"Comiston"
"05/06/2024 09:00:00",1,"Comiston"
"06/06/2024 09:00:00",0.4,"Comiston"
"07/06/2024 09:00:00",0.2,"Comiston"
"08/06/2024 09:00:00",0,"Comiston"
"09/06/2024 09:00:00",0.2,"Comiston"
"10/06/2024 09:00:00",0.2,"Comiston"
"11/06/2024 09:00:00",0,"Comiston"
"12/06/2024 09:00:00",0,"Comiston"
"13/06/2024 09:00:00",5.6,"Comiston"
"14/06/2024 09:00:00",6.2,"Comiston"
"15/06/2024 09:00:00",0.2,"Comiston"
"16/06/2024 09:00:00",2.6,"Comiston"
"17/06/2024 09:00:00",0.8,"Comiston"
"18/06/2024 09:00:00",1.4,"Comiston"
"19/06/2024 09:00:00",0.2,"Comiston"
"20/06/2024 09:00:00",0,"Comiston"
"21/06/2024 09:00:00",0.6,"Comiston"
"22/06/2024 09:00:00",0,"Comiston"
"23/06/2024 09:00:00",0,"Comiston"
"24/06/2024 09:00:00",0,"Comiston"
"25/06/2024 09:00:00",4.4,"Comiston"
"26/06/2024 09:00:00",0,"Comiston"
"27/06/2024 09:00:00",0,"Comiston"
"28/06/2024 09:00:00",2.6,"Comiston"
"29/06/2024 09:00:00",0,"Comiston"
"30/06/2024 09:00:00",0.2,"Comiston"
"01/07/2024 09:00:00",0.6,"Comiston"
"02/07/2024 09:00:00",1.6,"Comiston"
"03/07/2024 09:00:00",0.8,"Comiston"
"04/07/2024 09:00:00",1.8,"Comiston"
"05/07/2024 09:00:00",0,"Comiston"
"06/07/2024 09:00:00",2.8,"Comiston"
"07/07/2024 09:00:00",0.6,"Comiston"
"08/07/2024 09:00:00",0,"Comiston"
"09/07/2024 09:00:00",16.6,"Comiston"
"10/07/2024 09:00:00",1.6,"Comiston"
"11/07/2024 09:00:00",0,"Comiston"
"12/07/2024 09:00:00",0.6,"Comiston"
"13/07/2024 09:00:00",5,"Comiston"
"14/07/2024 09:00:00",0,"Comiston"
"15/07/2024 09:00:00",11.8,"Comiston"
"16/07/2024 09:00:00",0.2,"Comiston"
"17/07/2024 09:00:00",0.8,"Comiston"
"18/07/2024 09:00:00",0,"Comiston"
"19/07/2024 09:00:00",0,"Comiston"
"20/07/2024 09:00:00",7.4,"Comiston"
"21/07/2024 09:00:00",0.8,"Comiston"
"22/07/2024 09:00:00",1.4,"Comiston"
"23/07/2024 09:00:00",0,"Comiston"
"24/07/2024 09:00:00",0.2,"Comiston"
"25/07/2024 09:00:00",4.6,"Comiston"
"26/07/2024 09:00:00",0.2,"Comiston"
"27/07/2024 09:00:00",0,"Comiston"
"28/07/2024 09:00:00",0,"Comiston"
"29/07/2024 09:00:00",0,"Comiston"
"30/07/2024 09:00:00",0,"Comiston"
"31/07/2024 09:00:00",0.4,"Comiston"
"01/08/2024 09:00:00",0,"Comiston"
"02/08/2024 09:00:00",0.2,"Comiston"
"03/08/2024 09:00:00",0,"Comiston"
"04/08/2024 09:00:00",5.4,"Comiston"
"05/08/2024 09:00:00",0.8,"Comiston"
"06/08/2024 09:00:00",0,"Comiston"
"07/08/2024 09:00:00",0,"Comiston"
"08/08/2024 09:00:00",6.4,"Comiston"
"09/08/2024 09:00:00",2.8,"Comiston"
"10/08/2024 09:00:00",0,"Comiston"
"11/08/2024 09:00:00",0.8,"Comiston"
"12/08/2024 09:00:00",0,"Comiston"
"13/08/2024 09:00:00",0.4,"Comiston"
"14/08/2024 09:00:00",3,"Comiston"
"15/08/2024 09:00:00",2.6,"Comiston"
"16/08/2024 09:00:00",0,"Comiston"
"17/08/2024 09:00:00",0.2,"Comiston"
"18/08/2024 09:00:00",0,"Comiston"
"19/08/2024 09:00:00",4.2,"Comiston"
"20/08/2024 09:00:00",0.4,"Comiston"
"21/08/2024 09:00:00",2.8,"Comiston"
"22/08/2024 09:00:00",14.6,"Comiston"
"23/08/2024 09:00:00",2.2,"Comiston"
"24/08/2024 09:00:00",0,"Comiston"
"25/08/2024 09:00:00",2.8,"Comiston"
"26/08/2024 09:00:00",3.6,"Comiston"
"27/08/2024 09:00:00",0.6,"Comiston"
"28/08/2024 09:00:00",2,"Comiston"
"29/08/2024 09:00:00",0.2,"Comiston"
"30/08/2024 09:00:00",0,"Comiston"
"31/08/2024 09:00:00",0,"Comiston"
"01/09/2024 09:00:00",8.6,"Comiston"
"02/09/2024 09:00:00",2.4,"Comiston"
"03/09/2024 09:00:00",0,"Comiston"
"04/09/2024 09:00:00",0.8,"Comiston"
"05/09/2024 09:00:00",3.2,"Comiston"
"06/09/2024 09:00:00",1.8,"Comiston"
"07/09/2024 09:00:00",0.2,"Comiston"
"08/09/2024 09:00:00",5.2,"Comiston"
"09/09/2024 09:00:00",3.6,"Comiston"
"10/09/2024 09:00:00",0,"Comiston"
"11/09/2024 09:00:00",0,"Comiston"
"12/09/2024 09:00:00",0,"Comiston"
"13/09/2024 09:00:00",0.2,"Comiston"
"14/09/2024 09:00:00",0.4,"Comiston"
"15/09/2024 09:00:00",0,"Comiston"
"16/09/2024 09:00:00",0,"Comiston"
"17/09/2024 09:00:00",0,"Comiston"
"18/09/2024 09:00:00",0,"Comiston"
"19/09/2024 09:00:00",0.4,"Comiston"
"20/09/2024 09:00:00",1.4,"Comiston"
"21/09/2024 09:00:00",0.6,"Comiston"
"22/09/2024 09:00:00",0,"Comiston"
"23/09/2024 09:00:00",1.8,"Comiston"
"24/09/2024 09:00:00",1.8,"Comiston"
"25/09/2024 09:00:00",11.8,"Comiston"
"26/09/2024 09:00:00",0.2,"Comiston"
"27/09/2024 09:00:00",0,"Comiston"
"28/09/2024 09:00:00",0,"Comiston"
"29/09/2024 09:00:00",1,"Comiston"
"30/09/2024 09:00:00",3.8,"Comiston"
"01/10/2024 09:00:00",0.2,"Comiston"
"02/10/2024 09:00:00",0,"Comiston"
"03/10/2024 09:00:00",0,"Comiston"
"04/10/2024 09:00:00",0,"Comiston"
"05/10/2024 09:00:00",0.8,"Comiston"
"06/10/2024 09:00:00",9,"Comiston"
"07/10/2024 09:00:00",2.6,"Comiston"
"08/10/2024 09:00:00",16,"Comiston"
"09/10/2024 09:00:00",0,"Comiston"
"10/10/2024 09:00:00",0,"Comiston"
"11/10/2024 09:00:00",1.6,"Comiston"
"12/10/2024 09:00:00",3.8,"Comiston"
"13/10/2024 09:00:00",0,"Comiston"
"14/10/2024 09:00:00",0,"Comiston"
"15/10/2024 09:00:00",2,"Comiston"
"16/10/2024 09:00:00",11.4,"Comiston"
"17/10/2024 09:00:00",0.2,"Comiston"
"18/10/2024 09:00:00",1.4,"Comiston"
"19/10/2024 09:00:00",3.4,"Comiston"
"20/10/2024 09:00:00",5.4,"Comiston"
"21/10/2024 09:00:00",1.6,"Comiston"
"22/10/2024 09:00:00",0.2,"Comiston"
"23/10/2024 09:00:00",0,"Comiston"
"24/10/2024 09:00:00",0,"Comiston"
"25/10/2024 09:00:00",0,"Comiston"
"26/10/2024 09:00:00",2.4,"Comiston"
"27/10/2024 09:00:00",2.4,"Comiston"
"28/10/2024 09:00:00",0,"Comiston"
"29/10/2024 09:00:00",0,"Comiston"
"30/10/2024 09:00:00",0,"Comiston"
"31/10/2024 09:00:00",0,"Comiston"
"01/11/2024 09:00:00",2.8,"Comiston"
"02/11/2024 09:00:00",0.4,"Comiston"
"03/11/2024 09:00:00",0.2,"Comiston"
"04/11/2024 09:00:00",0,"Comiston"
"05/11/2024 09:00:00",0,"Comiston"
"06/11/2024 09:00:00",0,"Comiston"
"07/11/2024 09:00:00",0,"Comiston"
"08/11/2024 09:00:00",0,"Comiston"
"09/11/2024 09:00:00",0.2,"Comiston"
"10/11/2024 09:00:00",0,"Comiston"
"11/11/2024 09:00:00",0,"Comiston"
"12/11/2024 09:00:00",0,"Comiston"
"13/11/2024 09:00:00",0.2,"Comiston"
"14/11/2024 09:00:00",0,"Comiston"
"15/11/2024 09:00:00",0,"Comiston"
"16/11/2024 09:00:00",0,"Comiston"
"17/11/2024 09:00:00",0,"Comiston"
"18/11/2024 09:00:00",0,"Comiston"
"19/11/2024 09:00:00",0,"Comiston"
"20/11/2024 09:00:00",0,"Comiston"
"21/11/2024 09:00:00",0,"Comiston"
"22/11/2024 09:00:00",1.2,"Comiston"
"23/11/2024 09:00:00",18.6,"Comiston"
"24/11/2024 09:00:00",0.4,"Comiston"
"25/11/2024 09:00:00",0.4,"Comiston"
"26/11/2024 09:00:00",3.6,"Comiston"
"27/11/2024 09:00:00",0.2,"Comiston"
"28/11/2024 09:00:00",1.2,"Comiston"
"29/11/2024 09:00:00",0,"Comiston"
"30/11/2024 09:00:00",0.6,"Comiston"
"01/12/2024 09:00:00",3.4,"Comiston"
"02/12/2024 09:00:00",0.2,"Comiston"
"03/12/2024 09:00:00",3.4,"Comiston"
"04/12/2024 09:00:00",5.2,"Comiston"
"05/12/2024 09:00:00",0.2,"Comiston"
"06/12/2024 09:00:00",20.2,"Comiston"
"07/12/2024 09:00:00",3.4,"Comiston"
"08/12/2024 09:00:00",0,"Comiston"
"09/12/2024 09:00:00",0,"Comiston"
"10/12/2024 09:00:00",0,"Comiston"
"11/12/2024 09:00:00",0,"Comiston"
"12/12/2024 09:00:00",0.2,"Comiston"
"13/12/2024 09:00:00",0,"Comiston"
"14/12/2024 09:00:00",0.2,"Comiston"
"15/12/2024 09:00:00",0.8,"Comiston"
"16/12/2024 09:00:00",0.2,"Comiston"
"17/12/2024 09:00:00",2,"Comiston"
"18/12/2024 09:00:00",0,"Comiston"
"19/12/2024 09:00:00",0,"Comiston"
"20/12/2024 09:00:00",1.4,"Comiston"
"21/12/2024 09:00:00",3.2,"Comiston"
"22/12/2024 09:00:00",0,"Comiston"
"23/12/2024 09:00:00",0.2,"Comiston"
"24/12/2024 09:00:00",0,"Comiston"
"25/12/2024 09:00:00",0,"Comiston"
"26/12/2024 09:00:00",0,"Comiston"
"27/12/2024 09:00:00",0,"Comiston"
"28/12/2024 09:00:00",0.4,"Comiston"
"29/12/2024 09:00:00",0,"Comiston"
"30/12/2024 09:00:00",16.8,"Comiston"
"31/12/2024 09:00:00",10,"Comiston"
"01/01/2025 09:00:00",14.8,"Comiston"
"02/01/2025 09:00:00",0,"Comiston"
"03/01/2025 09:00:00",0.4,"Comiston"
"04/01/2025 09:00:00",0,"Comiston"
"05/01/2025 09:00:00",18.6,"Comiston"
"06/01/2025 09:00:00",0,"Comiston"
"07/01/2025 09:00:00",0,"Comiston"
"08/01/2025 09:00:00",0,"Comiston"
"09/01/2025 09:00:00",0,"Comiston"
"10/01/2025 09:00:00",0,"Comiston"
"11/01/2025 09:00:00",0.2,"Comiston"
"12/01/2025 09:00:00",0,"Comiston"
"13/01/2025 09:00:00",0.4,"Comiston"
"14/01/2025 09:00:00",0.2,"Comiston"
"15/01/2025 09:00:00",0,"Comiston"
"16/01/2025 09:00:00",0,"Comiston"
"17/01/2025 09:00:00",0,"Comiston"
"18/01/2025 09:00:00",0,"Comiston"
"19/01/2025 09:00:00",0,"Comiston"
"20/01/2025 09:00:00",0,"Comiston"
"21/01/2025 09:00:00",0,"Comiston"
"22/01/2025 09:00:00",0.2,"Comiston"
"23/01/2025 09:00:00",3,"Comiston"
"24/01/2025 09:00:00",10.4,"Comiston"
"25/01/2025 09:00:00",4.4,"Comiston"
"26/01/2025 09:00:00",4,"Comiston"
"27/01/2025 09:00:00",5.6,"Comiston"
"28/01/2025 09:00:00",0,"Comiston"
"29/01/2025 09:00:00",0,"Comiston"
"30/01/2025 09:00:00",0,"Comiston"
"31/01/2025 09:00:00",0,"Comiston"
"01/02/2025 09:00:00",4.2,"Comiston"
"02/02/2025 09:00:00",0,"Comiston"
"03/02/2025 09:00:00",1.8,"Comiston"
"04/02/2025 09:00:00",4.4,"Comiston"
"05/02/2025 09:00:00",0.2,"Comiston"
"06/02/2025 09:00:00",0,"Comiston"
"07/02/2025 09:00:00",0.8,"Comiston"
"08/02/2025 09:00:00",1.2,"Comiston"
"09/02/2025 09:00:00",1.4,"Comiston"
"10/02/2025 09:00:00",4.4,"Comiston"
"11/02/2025 09:00:00",0.4,"Comiston"
"12/02/2025 09:00:00",0,"Comiston"
"13/02/2025 09:00:00",0.2,"Comiston"
"14/02/2025 09:00:00",0.2,"Comiston"
"15/02/2025 09:00:00",0.6,"Comiston"
"16/02/2025 09:00:00",0,"Comiston"
"17/02/2025 09:00:00",0.2,"Comiston"
"18/02/2025 09:00:00",0.2,"Comiston"
"19/02/2025 09:00:00",4,"Comiston"
"20/02/2025 09:00:00",3.6,"Comiston"
"21/02/2025 09:00:00",1.4,"Comiston"
"22/02/2025 09:00:00",0.6,"Comiston"
"23/02/2025 09:00:00",1,"Comiston"
"24/02/2025 09:00:00",3.2,"Comiston"
"25/02/2025 09:00:00",0.4,"Comiston"
"26/02/2025 09:00:00",0.8,"Comiston"
"27/02/2025 09:00:00",0,"Comiston"
"28/02/2025 09:00:00",0,"Comiston"
"01/03/2025 09:00:00",0,"Comiston"
"02/03/2025 09:00:00",0,"Comiston"
"03/03/2025 09:00:00",0,"Comiston"
"04/03/2025 09:00:00",0.2,"Comiston"
"05/03/2025 09:00:00",0.2,"Comiston"
"06/03/2025 09:00:00",0,"Comiston"
"07/03/2025 09:00:00",0,"Comiston"
"08/03/2025 09:00:00",0.2,"Comiston"
"09/03/2025 09:00:00",0,"Comiston"
"10/03/2025 09:00:00",0,"Comiston"
"11/03/2025 09:00:00",0,"Comiston"
"12/03/2025 09:00:00",0.2,"Comiston"
"13/03/2025 09:00:00",0.6,"Comiston"
"14/03/2025 09:00:00",0,"Comiston"
"15/03/2025 09:00:00",0,"Comiston"
"16/03/2025 09:00:00",0.6,"Comiston"
"17/03/2025 09:00:00",0.2,"Comiston"
"18/03/2025 09:00:00",0,"Comiston"
"19/03/2025 09:00:00",0,"Comiston"
"20/03/2025 09:00:00",0,"Comiston"
"21/03/2025 09:00:00",0.8,"Comiston"
"23/03/2024 09:00:00",0,"Gogarbank"
"24/03/2024 09:00:00",0,"Gogarbank"
"25/03/2024 09:00:00",10.8,"Gogarbank"
"26/03/2024 09:00:00",9.2,"Gogarbank"
"27/03/2024 09:00:00",10.2,"Gogarbank"
"28/03/2024 09:00:00",11.2,"Gogarbank"
"29/03/2024 09:00:00",0.4,"Gogarbank"
"30/03/2024 09:00:00",0,"Gogarbank"
"31/03/2024 09:00:00",0,"Gogarbank"
"01/04/2024 09:00:00",12.4,"Gogarbank"
"02/04/2024 09:00:00",3.6,"Gogarbank"
"03/04/2024 09:00:00",19,"Gogarbank"
"04/04/2024 09:00:00",13.8,"Gogarbank"
"05/04/2024 09:00:00",11.2,"Gogarbank"
"06/04/2024 09:00:00",0.6,"Gogarbank"
"07/04/2024 09:00:00",0,"Gogarbank"
"08/04/2024 09:00:00",12.2,"Gogarbank"
"09/04/2024 09:00:00",1,"Gogarbank"
"10/04/2024 09:00:00",3.2,"Gogarbank"
"11/04/2024 09:00:00",2.4,"Gogarbank"
"12/04/2024 09:00:00",2.6,"Gogarbank"
"13/04/2024 09:00:00",2.8,"Gogarbank"
"14/04/2024 09:00:00",3.6,"Gogarbank"
"15/04/2024 09:00:00",0,"Gogarbank"
"16/04/2024 09:00:00",0.2,"Gogarbank"
"17/04/2024 09:00:00",0,"Gogarbank"
"18/04/2024 09:00:00",0.4,"Gogarbank"
"19/04/2024 09:00:00",0,"Gogarbank"
"20/04/2024 09:00:00",0,"Gogarbank"
"21/04/2024 09:00:00",1.4,"Gogarbank"
"22/04/2024 09:00:00",0,"Gogarbank"
"23/04/2024 09:00:00",0,"Gogarbank"
"24/04/2024 09:00:00",0,"Gogarbank"
"25/04/2024 09:00:00",0,"Gogarbank"
"26/04/2024 09:00:00",0,"Gogarbank"
"27/04/2024 09:00:00",0.8,"Gogarbank"
"28/04/2024 09:00:00",0,"Gogarbank"
"29/04/2024 09:00:00",0.2,"Gogarbank"
"30/04/2024 09:00:00",0,"Gogarbank"
"01/05/2024 09:00:00",0,"Gogarbank"
"02/05/2024 09:00:00",0,"Gogarbank"
"03/05/2024 09:00:00",0.6,"Gogarbank"
"04/05/2024 09:00:00",1,"Gogarbank"
"05/05/2024 09:00:00",7.2,"Gogarbank"
"06/05/2024 09:00:00",3,"Gogarbank"
"07/05/2024 09:00:00",0,"Gogarbank"
"08/05/2024 09:00:00",0.2,"Gogarbank"
"09/05/2024 09:00:00",0,"Gogarbank"
"10/05/2024 09:00:00",0,"Gogarbank"
"11/05/2024 09:00:00",0,"Gogarbank"
"12/05/2024 09:00:00",2.6,"Gogarbank"
"13/05/2024 09:00:00",0.4,"Gogarbank"
"14/05/2024 09:00:00",0.4,"Gogarbank"
"15/05/2024 09:00:00",0.2,"Gogarbank"
"16/05/2024 09:00:00",0,"Gogarbank"
"17/05/2024 09:00:00",0,"Gogarbank"
"18/05/2024 09:00:00",0,"Gogarbank"
"19/05/2024 09:00:00",0,"Gogarbank"
"20/05/2024 09:00:00",0,"Gogarbank"
"21/05/2024 09:00:00",1.2,"Gogarbank"
"22/05/2024 09:00:00",32.4,"Gogarbank"
"23/05/2024 09:00:00",37.2,"Gogarbank"
"24/05/2024 09:00:00",5.6,"Gogarbank"
"25/05/2024 09:00:00",7.4,"Gogarbank"
"26/05/2024 09:00:00",15.8,"Gogarbank"
"27/05/2024 09:00:00",1,"Gogarbank"
"28/05/2024 09:00:00",9.4,"Gogarbank"
"29/05/2024 09:00:00",12.2,"Gogarbank"
"30/05/2024 09:00:00",0,"Gogarbank"
"31/05/2024 09:00:00",0,"Gogarbank"
"01/06/2024 09:00:00",0,"Gogarbank"
"02/06/2024 09:00:00",0.4,"Gogarbank"
"03/06/2024 09:00:00",0.6,"Gogarbank"
"04/06/2024 09:00:00",0,"Gogarbank"
"05/06/2024 09:00:00",0.8,"Gogarbank"
"06/06/2024 09:00:00",0.4,"Gogarbank"
"07/06/2024 09:00:00",0.8,"Gogarbank"
"08/06/2024 09:00:00",0,"Gogarbank"
"09/06/2024 09:00:00",0.2,"Gogarbank"
"10/06/2024 09:00:00",1.4,"Gogarbank"
"11/06/2024 09:00:00",0,"Gogarbank"
"12/06/2024 09:00:00",0,"Gogarbank"
"13/06/2024 09:00:00",7.8,"Gogarbank"
"14/06/2024 09:00:00",8.8,"Gogarbank"
"15/06/2024 09:00:00",0,"Gogarbank"
"16/06/2024 09:00:00",2.8,"Gogarbank"
"17/06/2024 09:00:00",1,"Gogarbank"
"18/06/2024 09:00:00",1.4,"Gogarbank"
"19/06/2024 09:00:00",0,"Gogarbank"
"20/06/2024 09:00:00",0,"Gogarbank"
"21/06/2024 09:00:00",1.6,"Gogarbank"
"22/06/2024 09:00:00",0,"Gogarbank"
"23/06/2024 09:00:00",0,"Gogarbank"
"24/06/2024 09:00:00",0,"Gogarbank"
"25/06/2024 09:00:00",2,"Gogarbank"
"26/06/2024 09:00:00",0,"Gogarbank"
"27/06/2024 09:00:00",0.2,"Gogarbank"
"28/06/2024 09:00:00",0.8,"Gogarbank"
"29/06/2024 09:00:00",0,"Gogarbank"
"30/06/2024 09:00:00",0,"Gogarbank"
"01/07/2024 09:00:00",0.2,"Gogarbank"
"02/07/2024 09:00:00",1.8,"Gogarbank"
"03/07/2024 09:00:00",1.8,"Gogarbank"
"04/07/2024 09:00:00",2.8,"Gogarbank"
"05/07/2024 09:00:00",0,"Gogarbank"
"06/07/2024 09:00:00",1.8,"Gogarbank"
"07/07/2024 09:00:00",0,"Gogarbank"
"08/07/2024 09:00:00",0,"Gogarbank"
"09/07/2024 09:00:00",7.6,"Gogarbank"
"10/07/2024 09:00:00",0.2,"Gogarbank"
"11/07/2024 09:00:00",0,"Gogarbank"
"12/07/2024 09:00:00",0,"Gogarbank"
"13/07/2024 09:00:00",4,"Gogarbank"
"14/07/2024 09:00:00",0,"Gogarbank"
"15/07/2024 09:00:00",3.6,"Gogarbank"
"16/07/2024 09:00:00",3.4,"Gogarbank"
"17/07/2024 09:00:00",0.8,"Gogarbank"
"18/07/2024 09:00:00",0,"Gogarbank"
"19/07/2024 09:00:00",0,"Gogarbank"
"20/07/2024 09:00:00",10.2,"Gogarbank"
"21/07/2024 09:00:00",0.4,"Gogarbank"
"22/07/2024 09:00:00",0.2,"Gogarbank"
"23/07/2024 09:00:00",0,"Gogarbank"
"24/07/2024 09:00:00",0,"Gogarbank"
"25/07/2024 09:00:00",8.6,"Gogarbank"
"26/07/2024 09:00:00",0,"Gogarbank"
"27/07/2024 09:00:00",0.4,"Gogarbank"
"28/07/2024 09:00:00",0,"Gogarbank"
"29/07/2024 09:00:00",0,"Gogarbank"
"30/07/2024 09:00:00",0,"Gogarbank"
"31/07/2024 09:00:00",0.2,"Gogarbank"
"01/08/2024 09:00:00",0,"Gogarbank"
"02/08/2024 09:00:00",0.2,"Gogarbank"
"03/08/2024 09:00:00",0,"Gogarbank"
"04/08/2024 09:00:00",4.8,"Gogarbank"
"05/08/2024 09:00:00",1.4,"Gogarbank"
"06/08/2024 09:00:00",0,"Gogarbank"
"07/08/2024 09:00:00",0.4,"Gogarbank"
"08/08/2024 09:00:00",6.6,"Gogarbank"
"09/08/2024 09:00:00",2,"Gogarbank"
"10/08/2024 09:00:00",0,"Gogarbank"
"11/08/2024 09:00:00",1.6,"Gogarbank"
"12/08/2024 09:00:00",0,"Gogarbank"
"13/08/2024 09:00:00",0.6,"Gogarbank"
"14/08/2024 09:00:00",5,"Gogarbank"
"15/08/2024 09:00:00",3.4,"Gogarbank"
"16/08/2024 09:00:00",0.6,"Gogarbank"
"17/08/2024 09:00:00",0.2,"Gogarbank"
"18/08/2024 09:00:00",0,"Gogarbank"
"19/08/2024 09:00:00",3.4,"Gogarbank"
"20/08/2024 09:00:00",1.2,"Gogarbank"
"21/08/2024 09:00:00",3,"Gogarbank"
"22/08/2024 09:00:00",15.6,"Gogarbank"
"23/08/2024 09:00:00",3.2,"Gogarbank"
"24/08/2024 09:00:00",0,"Gogarbank"
"25/08/2024 09:00:00",3,"Gogarbank"
"26/08/2024 09:00:00",3.8,"Gogarbank"
"27/08/2024 09:00:00",0.4,"Gogarbank"
"28/08/2024 09:00:00",1.8,"Gogarbank"
"29/08/2024 09:00:00",0,"Gogarbank"
"30/08/2024 09:00:00",0,"Gogarbank"
"31/08/2024 09:00:00",0,"Gogarbank"
"01/09/2024 09:00:00",9.2,"Gogarbank"
"02/09/2024 09:00:00",11.4,"Gogarbank"
"03/09/2024 09:00:00",0,"Gogarbank"
"04/09/2024 09:00:00",0,"Gogarbank"
"05/09/2024 09:00:00",1,"Gogarbank"
"06/09/2024 09:00:00",0.8,"Gogarbank"
"07/09/2024 09:00:00",0.2,"Gogarbank"
"08/09/2024 09:00:00",3.6,"Gogarbank"
"09/09/2024 09:00:00",4.8,"Gogarbank"
"10/09/2024 09:00:00",0,"Gogarbank"
"11/09/2024 09:00:00",0,"Gogarbank"
"12/09/2024 09:00:00",0,"Gogarbank"
"13/09/2024 09:00:00",0.2,"Gogarbank"
"14/09/2024 09:00:00",1,"Gogarbank"
"15/09/2024 09:00:00",0.2,"Gogarbank"
"16/09/2024 09:00:00",0,"Gogarbank"
"17/09/2024 09:00:00",0,"Gogarbank"
"18/09/2024 09:00:00",0,"Gogarbank"
"19/09/2024 09:00:00",0.2,"Gogarbank"
"20/09/2024 09:00:00",0.4,"Gogarbank"
"21/09/2024 09:00:00",0,"Gogarbank"
"22/09/2024 09:00:00",0,"Gogarbank"
"23/09/2024 09:00:00",1.2,"Gogarbank"
"24/09/2024 09:00:00",0.2,"Gogarbank"
"25/09/2024 09:00:00",18.4,"Gogarbank"
"26/09/2024 09:00:00",0.2,"Gogarbank"
"27/09/2024 09:00:00",0,"Gogarbank"
"28/09/2024 09:00:00",0,"Gogarbank"
"29/09/2024 09:00:00",0,"Gogarbank"
"30/09/2024 09:00:00",1.6,"Gogarbank"
"01/10/2024 09:00:00",0,"Gogarbank"
"02/10/2024 09:00:00",0,"Gogarbank"
"03/10/2024 09:00:00",0,"Gogarbank"
"04/10/2024 09:00:00",0.4,"Gogarbank"
"05/10/2024 09:00:00",0.6,"Gogarbank"
"06/10/2024 09:00:00",10.2,"Gogarbank"
"07/10/2024 09:00:00",1.4,"Gogarbank"
"08/10/2024 09:00:00",6.6,"Gogarbank"
"09/10/2024 09:00:00",0,"Gogarbank"
"10/10/2024 09:00:00",0,"Gogarbank"
"11/10/2024 09:00:00",1.4,"Gogarbank"
"12/10/2024 09:00:00",7.2,"Gogarbank"
"13/10/2024 09:00:00",0,"Gogarbank"
"14/10/2024 09:00:00",0,"Gogarbank"
"15/10/2024 09:00:00",1.8,"Gogarbank"
"16/10/2024 09:00:00",9.8,"Gogarbank"
"17/10/2024 09:00:00",0.6,"Gogarbank"
"18/10/2024 09:00:00",1.6,"Gogarbank"
"19/10/2024 09:00:00",2.2,"Gogarbank"
"20/10/2024 09:00:00",7.2,"Gogarbank"
"21/10/2024 09:00:00",0.6,"Gogarbank"
"22/10/2024 09:00:00",0,"Gogarbank"
"23/10/2024 09:00:00",0,"Gogarbank"
"24/10/2024 09:00:00",0,"Gogarbank"
"25/10/2024 09:00:00",1.6,"Gogarbank"
"26/10/2024 09:00:00",2,"Gogarbank"
"27/10/2024 09:00:00",2.2,"Gogarbank"
"28/10/2024 09:00:00",0,"Gogarbank"
"29/10/2024 09:00:00",0,"Gogarbank"
"30/10/2024 09:00:00",0,"Gogarbank"
"31/10/2024 09:00:00",0,"Gogarbank"
"01/11/2024 09:00:00",1,"Gogarbank"
"02/11/2024 09:00:00",0,"Gogarbank"
"03/11/2024 09:00:00",0,"Gogarbank"
"04/11/2024 09:00:00",0,"Gogarbank"
"05/11/2024 09:00:00",0,"Gogarbank"
"06/11/2024 09:00:00",0,"Gogarbank"
"07/11/2024 09:00:00",0,"Gogarbank"
"08/11/2024 09:00:00",0,"Gogarbank"
"09/11/2024 09:00:00",0.4,"Gogarbank"
"10/11/2024 09:00:00",0,"Gogarbank"
"11/11/2024 09:00:00",0.2,"Gogarbank"
"12/11/2024 09:00:00",0,"Gogarbank"
"13/11/2024 09:00:00",0,"Gogarbank"
"14/11/2024 09:00:00",0,"Gogarbank"
"15/11/2024 09:00:00",0,"Gogarbank"
"16/11/2024 09:00:00",0,"Gogarbank"
"17/11/2024 09:00:00",0,"Gogarbank"
"18/11/2024 09:00:00",0.2,"Gogarbank"
"19/11/2024 09:00:00",0,"Gogarbank"
"20/11/2024 09:00:00",0,"Gogarbank"
"21/11/2024 09:00:00",0,"Gogarbank"
"22/11/2024 09:00:00",2,"Gogarbank"
"23/11/2024 09:00:00",14.8,"Gogarbank"
"24/11/2024 09:00:00",0.2,"Gogarbank"
"25/11/2024 09:00:00",0.4,"Gogarbank"
"26/11/2024 09:00:00",1.4,"Gogarbank"
"27/11/2024 09:00:00",0,"Gogarbank"
"28/11/2024 09:00:00",1,"Gogarbank"
"29/11/2024 09:00:00",0,"Gogarbank"
"30/11/2024 09:00:00",1.6,"Gogarbank"
"01/12/2024 09:00:00",4.6,"Gogarbank"
"02/12/2024 09:00:00",0,"Gogarbank"
"03/12/2024 09:00:00",2,"Gogarbank"
"04/12/2024 09:00:00",4.8,"Gogarbank"
"05/12/2024 09:00:00",0.2,"Gogarbank"
"06/12/2024 09:00:00",15.4,"Gogarbank"
"07/12/2024 09:00:00",2.8,"Gogarbank"
"08/12/2024 09:00:00",0,"Gogarbank"
"09/12/2024 09:00:00",0,"Gogarbank"
"10/12/2024 09:00:00",0,"Gogarbank"
"11/12/2024 09:00:00",0,"Gogarbank"
"12/12/2024 09:00:00",0,"Gogarbank"
"13/12/2024 09:00:00",0,"Gogarbank"
"14/12/2024 09:00:00",0,"Gogarbank"
"15/12/2024 09:00:00",0.8,"Gogarbank"
"16/12/2024 09:00:00",0.6,"Gogarbank"
"17/12/2024 09:00:00",1.6,"Gogarbank"
"18/12/2024 09:00:00",0,"Gogarbank"
"19/12/2024 09:00:00",0,"Gogarbank"
"20/12/2024 09:00:00",1.4,"Gogarbank"
"21/12/2024 09:00:00",3.6,"Gogarbank"
"22/12/2024 09:00:00",0,"Gogarbank"
"23/12/2024 09:00:00",0,"Gogarbank"
"24/12/2024 09:00:00",0,"Gogarbank"
"25/12/2024 09:00:00",0,"Gogarbank"
"26/12/2024 09:00:00",0,"Gogarbank"
"27/12/2024 09:00:00",0,"Gogarbank"
"28/12/2024 09:00:00",0.2,"Gogarbank"
"29/12/2024 09:00:00",0,"Gogarbank"
"30/12/2024 09:00:00",20.8,"Gogarbank"
"31/12/2024 09:00:00",11.2,"Gogarbank"
"01/01/2025 09:00:00",13,"Gogarbank"
"02/01/2025 09:00:00",0,"Gogarbank"
"03/01/2025 09:00:00",0.6,"Gogarbank"
"04/01/2025 09:00:00",0.2,"Gogarbank"
"05/01/2025 09:00:00",16.6,"Gogarbank"
"06/01/2025 09:00:00",0,"Gogarbank"
"07/01/2025 09:00:00",0,"Gogarbank"
"08/01/2025 09:00:00",0,"Gogarbank"
"09/01/2025 09:00:00",0,"Gogarbank"
"10/01/2025 09:00:00",0,"Gogarbank"
"11/01/2025 09:00:00",0,"Gogarbank"
"12/01/2025 09:00:00",0,"Gogarbank"
"13/01/2025 09:00:00",0.4,"Gogarbank"
"14/01/2025 09:00:00",0,"Gogarbank"
"15/01/2025 09:00:00",0,"Gogarbank"
"16/01/2025 09:00:00",0,"Gogarbank"
"17/01/2025 09:00:00",0,"Gogarbank"
"18/01/2025 09:00:00",0,"Gogarbank"
"19/01/2025 09:00:00",0,"Gogarbank"
"20/01/2025 09:00:00",0,"Gogarbank"
"21/01/2025 09:00:00",0,"Gogarbank"
"22/01/2025 09:00:00",0,"Gogarbank"
"23/01/2025 09:00:00",4,"Gogarbank"
"24/01/2025 09:00:00",10.2,"Gogarbank"
"25/01/2025 09:00:00",3.8,"Gogarbank"
"26/01/2025 09:00:00",3,"Gogarbank"
"27/01/2025 09:00:00",4.4,"Gogarbank"
"28/01/2025 09:00:00",0,"Gogarbank"
"29/01/2025 09:00:00",0,"Gogarbank"
"30/01/2025 09:00:00",0,"Gogarbank"
"31/01/2025 09:00:00",0,"Gogarbank"
"01/02/2025 09:00:00",2.2,"Gogarbank"
"02/02/2025 09:00:00",0,"Gogarbank"
"03/02/2025 09:00:00",2.6,"Gogarbank"
"04/02/2025 09:00:00",4.6,"Gogarbank"
"05/02/2025 09:00:00",0.6,"Gogarbank"
"06/02/2025 09:00:00",0,"Gogarbank"
"07/02/2025 09:00:00",0.2,"Gogarbank"
"08/02/2025 09:00:00",0.4,"Gogarbank"
"09/02/2025 09:00:00",0.8,"Gogarbank"
"10/02/2025 09:00:00",2.8,"Gogarbank"
"11/02/2025 09:00:00",0.6,"Gogarbank"
"12/02/2025 09:00:00",0.2,"Gogarbank"
"13/02/2025 09:00:00",0,"Gogarbank"
"14/02/2025 09:00:00",0.4,"Gogarbank"
"15/02/2025 09:00:00",0.6,"Gogarbank"
"16/02/2025 09:00:00",0,"Gogarbank"
"17/02/2025 09:00:00",0.2,"Gogarbank"
"18/02/2025 09:00:00",0,"Gogarbank"
"19/02/2025 09:00:00",1.6,"Gogarbank"
"20/02/2025 09:00:00",4.8,"Gogarbank"
"21/02/2025 09:00:00",2.4,"Gogarbank"
"22/02/2025 09:00:00",0.6,"Gogarbank"
"23/02/2025 09:00:00",1.6,"Gogarbank"
"24/02/2025 09:00:00",3.4,"Gogarbank"
"25/02/2025 09:00:00",1.2,"Gogarbank"
"26/02/2025 09:00:00",0,"Gogarbank"
"27/02/2025 09:00:00",0,"Gogarbank"
"28/02/2025 09:00:00",0,"Gogarbank"
"01/03/2025 09:00:00",0,"Gogarbank"
"02/03/2025 09:00:00",0,"Gogarbank"
"03/03/2025 09:00:00",0,"Gogarbank"
"04/03/2025 09:00:00",0.6,"Gogarbank"
"05/03/2025 09:00:00",0,"Gogarbank"
"06/03/2025 09:00:00",0,"Gogarbank"
"07/03/2025 09:00:00",0.4,"Gogarbank"
"08/03/2025 09:00:00",0,"Gogarbank"
"09/03/2025 09:00:00",0,"Gogarbank"
"10/03/2025 09:00:00",0.6,"Gogarbank"
"11/03/2025 09:00:00",0,"Gogarbank"
"12/03/2025 09:00:00",0,"Gogarbank"
"13/03/2025 09:00:00",0.4,"Gogarbank"
"14/03/2025 09:00:00",0,"Gogarbank"
"15/03/2025 09:00:00",0,"Gogarbank"
"16/03/2025 09:00:00",0.2,"Gogarbank"
"17/03/2025 09:00:00",0,"Gogarbank"
"18/03/2025 09:00:00",0,"Gogarbank"
"19/03/2025 09:00:00",0,"Gogarbank"
"20/03/2025 09:00:00",0,"Gogarbank"
"21/03/2025 09:00:00",0.4,"Gogarbank"
"23/03/2024 09:00:00",0.2,"Harelaw"
"24/03/2024 09:00:00",0,"Harelaw"
"25/03/2024 09:00:00",9.6,"Harelaw"
"26/03/2024 09:00:00",6.8,"Harelaw"
"27/03/2024 09:00:00",7.6,"Harelaw"
"28/03/2024 09:00:00",11.8,"Harelaw"
"29/03/2024 09:00:00",1.2,"Harelaw"
"30/03/2024 09:00:00",0.4,"Harelaw"
"31/03/2024 09:00:00",0,"Harelaw"
"01/04/2024 09:00:00",7.6,"Harelaw"
"02/04/2024 09:00:00",3,"Harelaw"
"03/04/2024 09:00:00",19,"Harelaw"
"04/04/2024 09:00:00",16.6,"Harelaw"
"05/04/2024 09:00:00",9,"Harelaw"
"06/04/2024 09:00:00",1.2,"Harelaw"
"07/04/2024 09:00:00",0,"Harelaw"
"08/04/2024 09:00:00",13.8,"Harelaw"
"09/04/2024 09:00:00",4.8,"Harelaw"
"10/04/2024 09:00:00",1.2,"Harelaw"
"11/04/2024 09:00:00",1.8,"Harelaw"
"12/04/2024 09:00:00",2,"Harelaw"
"13/04/2024 09:00:00",3.6,"Harelaw"
"14/04/2024 09:00:00",2.6,"Harelaw"
"15/04/2024 09:00:00",0,"Harelaw"
"16/04/2024 09:00:00",0,"Harelaw"
"17/04/2024 09:00:00",0.2,"Harelaw"
"18/04/2024 09:00:00",1.6,"Harelaw"
"19/04/2024 09:00:00",0,"Harelaw"
"20/04/2024 09:00:00",0,"Harelaw"
"21/04/2024 09:00:00",0.6,"Harelaw"
"22/04/2024 09:00:00",0,"Harelaw"
"23/04/2024 09:00:00",0,"Harelaw"
"24/04/2024 09:00:00",0,"Harelaw"
"25/04/2024 09:00:00",1.6,"Harelaw"
"26/04/2024 09:00:00",0,"Harelaw"
"27/04/2024 09:00:00",0,"Harelaw"
"28/04/2024 09:00:00",0.2,"Harelaw"
"29/04/2024 09:00:00",0.4,"Harelaw"
"30/04/2024 09:00:00",0,"Harelaw"
"01/05/2024 09:00:00",0,"Harelaw"
"02/05/2024 09:00:00",0,"Harelaw"
"03/05/2024 09:00:00",2.6,"Harelaw"
"04/05/2024 09:00:00",0,"Harelaw"
"05/05/2024 09:00:00",6.8,"Harelaw"
"06/05/2024 09:00:00",7.6,"Harelaw"
"07/05/2024 09:00:00",0,"Harelaw"
"08/05/2024 09:00:00",0.2,"Harelaw"
"09/05/2024 09:00:00",0,"Harelaw"
"10/05/2024 09:00:00",0,"Harelaw"
"11/05/2024 09:00:00",0,"Harelaw"
"12/05/2024 09:00:00",0.6,"Harelaw"
"13/05/2024 09:00:00",0,"Harelaw"
"14/05/2024 09:00:00",0.2,"Harelaw"
"15/05/2024 09:00:00",0.2,"Harelaw"
"16/05/2024 09:00:00",0,"Harelaw"
"17/05/2024 09:00:00",0,"Harelaw"
"18/05/2024 09:00:00",0,"Harelaw"
"19/05/2024 09:00:00",0,"Harelaw"
"20/05/2024 09:00:00",0,"Harelaw"
"21/05/2024 09:00:00",0.2,"Harelaw"
"22/05/2024 09:00:00",50.2,"Harelaw"
"23/05/2024 09:00:00",34,"Harelaw"
"24/05/2024 09:00:00",4.6,"Harelaw"
"25/05/2024 09:00:00",3.8,"Harelaw"
"26/05/2024 09:00:00",7,"Harelaw"
"27/05/2024 09:00:00",2,"Harelaw"
"28/05/2024 09:00:00",8.4,"Harelaw"
"29/05/2024 09:00:00",20.8,"Harelaw"
"30/05/2024 09:00:00",0,"Harelaw"
"31/05/2024 09:00:00",0,"Harelaw"
"01/06/2024 09:00:00",0,"Harelaw"
"02/06/2024 09:00:00",0,"Harelaw"
"03/06/2024 09:00:00",0.4,"Harelaw"
"04/06/2024 09:00:00",0,"Harelaw"
"05/06/2024 09:00:00",2.2,"Harelaw"
"06/06/2024 09:00:00",0,"Harelaw"
"07/06/2024 09:00:00",0.2,"Harelaw"
"08/06/2024 09:00:00",0,"Harelaw"
"09/06/2024 09:00:00",0.8,"Harelaw"
"10/06/2024 09:00:00",0.4,"Harelaw"
"11/06/2024 09:00:00",0,"Harelaw"
"12/06/2024 09:00:00",0,"Harelaw"
"13/06/2024 09:00:00",5.2,"Harelaw"
"14/06/2024 09:00:00",10.6,"Harelaw"
"15/06/2024 09:00:00",0,"Harelaw"
"16/06/2024 09:00:00",3,"Harelaw"
"17/06/2024 09:00:00",6.6,"Harelaw"
"18/06/2024 09:00:00",1.8,"Harelaw"
"19/06/2024 09:00:00",0,"Harelaw"
"20/06/2024 09:00:00",0,"Harelaw"
"21/06/2024 09:00:00",0.4,"Harelaw"
"22/06/2024 09:00:00",0,"Harelaw"
"23/06/2024 09:00:00",0,"Harelaw"
"24/06/2024 09:00:00",0,"Harelaw"
"25/06/2024 09:00:00",1.4,"Harelaw"
"26/06/2024 09:00:00",0,"Harelaw"
"27/06/2024 09:00:00",0,"Harelaw"
"28/06/2024 09:00:00",1.8,"Harelaw"
"29/06/2024 09:00:00",0,"Harelaw"
"30/06/2024 09:00:00",0.4,"Harelaw"
"01/07/2024 09:00:00",1,"Harelaw"
"02/07/2024 09:00:00",1.2,"Harelaw"
"03/07/2024 09:00:00",0.8,"Harelaw"
"04/07/2024 09:00:00",0.8,"Harelaw"
"05/07/2024 09:00:00",0.4,"Harelaw"
"06/07/2024 09:00:00",1.6,"Harelaw"
"07/07/2024 09:00:00",0.2,"Harelaw"
"08/07/2024 09:00:00",0,"Harelaw"
"09/07/2024 09:00:00",12.6,"Harelaw"
"10/07/2024 09:00:00",1.6,"Harelaw"
"11/07/2024 09:00:00",0,"Harelaw"
"12/07/2024 09:00:00",0.8,"Harelaw"
"13/07/2024 09:00:00",4.8,"Harelaw"
"14/07/2024 09:00:00",0,"Harelaw"
"15/07/2024 09:00:00",4,"Harelaw"
"16/07/2024 09:00:00",1,"Harelaw"
"17/07/2024 09:00:00",1.6,"Harelaw"
"18/07/2024 09:00:00",0,"Harelaw"
"19/07/2024 09:00:00",0,"Harelaw"
"20/07/2024 09:00:00",9.2,"Harelaw"
"21/07/2024 09:00:00",0.6,"Harelaw"
"22/07/2024 09:00:00",1,"Harelaw"
"23/07/2024 09:00:00",0,"Harelaw"
"24/07/2024 09:00:00",0,"Harelaw"
"25/07/2024 09:00:00",2.2,"Harelaw"
"26/07/2024 09:00:00",0.2,"Harelaw"
"27/07/2024 09:00:00",1.2,"Harelaw"
"28/07/2024 09:00:00",0,"Harelaw"
"29/07/2024 09:00:00",0,"Harelaw"
"30/07/2024 09:00:00",0,"Harelaw"
"31/07/2024 09:00:00",0.2,"Harelaw"
"01/08/2024 09:00:00",0,"Harelaw"
"02/08/2024 09:00:00",0,"Harelaw"
"03/08/2024 09:00:00",0,"Harelaw"
"04/08/2024 09:00:00",5.8,"Harelaw"
"05/08/2024 09:00:00",0.6,"Harelaw"
"06/08/2024 09:00:00",0,"Harelaw"
"07/08/2024 09:00:00",0,"Harelaw"
"08/08/2024 09:00:00",6.6,"Harelaw"
"09/08/2024 09:00:00",1.4,"Harelaw"
"10/08/2024 09:00:00",0.2,"Harelaw"
"11/08/2024 09:00:00",3.6,"Harelaw"
"12/08/2024 09:00:00",0.4,"Harelaw"
"13/08/2024 09:00:00",0.8,"Harelaw"
"14/08/2024 09:00:00",2.6,"Harelaw"
"15/08/2024 09:00:00",2.2,"Harelaw"
"16/08/2024 09:00:00",0,"Harelaw"
"17/08/2024 09:00:00",0,"Harelaw"
"18/08/2024 09:00:00",0,"Harelaw"
"19/08/2024 09:00:00",3.4,"Harelaw"
"20/08/2024 09:00:00",0.2,"Harelaw"
"21/08/2024 09:00:00",1.8,"Harelaw"
"22/08/2024 09:00:00",14,"Harelaw"
"23/08/2024 09:00:00",2.6,"Harelaw"
"24/08/2024 09:00:00",0.2,"Harelaw"
"25/08/2024 09:00:00",2.4,"Harelaw"
"26/08/2024 09:00:00",3.6,"Harelaw"
"27/08/2024 09:00:00",0.4,"Harelaw"
"28/08/2024 09:00:00",3.4,"Harelaw"
"29/08/2024 09:00:00",0,"Harelaw"
"30/08/2024 09:00:00",0,"Harelaw"
"31/08/2024 09:00:00",0,"Harelaw"
"01/09/2024 09:00:00",9.6,"Harelaw"
"02/09/2024 09:00:00",1.8,"Harelaw"
"03/09/2024 09:00:00",0.4,"Harelaw"
"04/09/2024 09:00:00",0.2,"Harelaw"
"05/09/2024 09:00:00",2.2,"Harelaw"
"06/09/2024 09:00:00",1.2,"Harelaw"
"07/09/2024 09:00:00",0.6,"Harelaw"
"08/09/2024 09:00:00",3.8,"Harelaw"
"09/09/2024 09:00:00",2.4,"Harelaw"
"10/09/2024 09:00:00",0,"Harelaw"
"11/09/2024 09:00:00",0.4,"Harelaw"
"12/09/2024 09:00:00",0,"Harelaw"
"13/09/2024 09:00:00",0.2,"Harelaw"
"14/09/2024 09:00:00",1.6,"Harelaw"
"15/09/2024 09:00:00",0,"Harelaw"
"16/09/2024 09:00:00",0,"Harelaw"
"17/09/2024 09:00:00",0,"Harelaw"
"18/09/2024 09:00:00",0,"Harelaw"
"19/09/2024 09:00:00",0.6,"Harelaw"
"20/09/2024 09:00:00",0.6,"Harelaw"
"21/09/2024 09:00:00",0.2,"Harelaw"
"22/09/2024 09:00:00",0,"Harelaw"
"23/09/2024 09:00:00",1,"Harelaw"
"24/09/2024 09:00:00",0.4,"Harelaw"
"25/09/2024 09:00:00",9.2,"Harelaw"
"26/09/2024 09:00:00",0.2,"Harelaw"
"27/09/2024 09:00:00",0,"Harelaw"
"28/09/2024 09:00:00",0,"Harelaw"
"29/09/2024 09:00:00",2,"Harelaw"
"30/09/2024 09:00:00",4,"Harelaw"
"01/10/2024 09:00:00",0.2,"Harelaw"
"02/10/2024 09:00:00",0,"Harelaw"
"03/10/2024 09:00:00",0,"Harelaw"
"04/10/2024 09:00:00",0.6,"Harelaw"
"05/10/2024 09:00:00",0.6,"Harelaw"
"06/10/2024 09:00:00",9.2,"Harelaw"
"07/10/2024 09:00:00",4.2,"Harelaw"
"08/10/2024 09:00:00",10.2,"Harelaw"
"09/10/2024 09:00:00",0,"Harelaw"
"10/10/2024 09:00:00",0,"Harelaw"
"11/10/2024 09:00:00",0.4,"Harelaw"
"12/10/2024 09:00:00",3.2,"Harelaw"
"13/10/2024 09:00:00",0,"Harelaw"
"14/10/2024 09:00:00",0,"Harelaw"
"15/10/2024 09:00:00",0.8,"Harelaw"
"16/10/2024 09:00:00",21,"Harelaw"
"17/10/2024 09:00:00",0.4,"Harelaw"
"18/10/2024 09:00:00",2,"Harelaw"
"19/10/2024 09:00:00",1.4,"Harelaw"
"20/10/2024 09:00:00",4.2,"Harelaw"
"21/10/2024 09:00:00",1.4,"Harelaw"
"22/10/2024 09:00:00",0,"Harelaw"
"23/10/2024 09:00:00",0,"Harelaw"
"24/10/2024 09:00:00",0,"Harelaw"
"25/10/2024 09:00:00",0,"Harelaw"
"26/10/2024 09:00:00",1.6,"Harelaw"
"27/10/2024 09:00:00",2.6,"Harelaw"
"28/10/2024 09:00:00",0,"Harelaw"
"29/10/2024 09:00:00",0,"Harelaw"
"30/10/2024 09:00:00",0,"Harelaw"
"31/10/2024 09:00:00",0,"Harelaw"
"01/11/2024 09:00:00",1.8,"Harelaw"
"02/11/2024 09:00:00",0,"Harelaw"
"03/11/2024 09:00:00",0,"Harelaw"
"04/11/2024 09:00:00",0,"Harelaw"
"05/11/2024 09:00:00",0,"Harelaw"
"06/11/2024 09:00:00",0,"Harelaw"
"07/11/2024 09:00:00",0,"Harelaw"
"08/11/2024 09:00:00",0,"Harelaw"
"09/11/2024 09:00:00",0,"Harelaw"
"10/11/2024 09:00:00",0,"Harelaw"
"11/11/2024 09:00:00",0,"Harelaw"
"12/11/2024 09:00:00",0,"Harelaw"
"13/11/2024 09:00:00",0.2,"Harelaw"
"14/11/2024 09:00:00",0,"Harelaw"
"15/11/2024 09:00:00",0,"Harelaw"
"16/11/2024 09:00:00",0,"Harelaw"
"17/11/2024 09:00:00",0,"Harelaw"
"18/11/2024 09:00:00",0,"Harelaw"
"19/11/2024 09:00:00",0,"Harelaw"
"20/11/2024 09:00:00",0,"Harelaw"
"21/11/2024 09:00:00",0,"Harelaw"
"22/11/2024 09:00:00",3,"Harelaw"
"23/11/2024 09:00:00",16.4,"Harelaw"
"24/11/2024 09:00:00",1.2,"Harelaw"
"25/11/2024 09:00:00",0.2,"Harelaw"
"26/11/2024 09:00:00",0.8,"Harelaw"
"27/11/2024 09:00:00",0,"Harelaw"
"28/11/2024 09:00:00",1,"Harelaw"
"29/11/2024 09:00:00",0.2,"Harelaw"
"30/11/2024 09:00:00",0.8,"Harelaw"
"01/12/2024 09:00:00",2.8,"Harelaw"
"02/12/2024 09:00:00",0,"Harelaw"
"03/12/2024 09:00:00",3,"Harelaw"
"04/12/2024 09:00:00",2.8,"Harelaw"
"05/12/2024 09:00:00",0,"Harelaw"
"06/12/2024 09:00:00",18.6,"Harelaw"
"07/12/2024 09:00:00",3.6,"Harelaw"
"08/12/2024 09:00:00",0,"Harelaw"
"09/12/2024 09:00:00",0,"Harelaw"
"10/12/2024 09:00:00",0,"Harelaw"
"11/12/2024 09:00:00",0,"Harelaw"
"12/12/2024 09:00:00",0,"Harelaw"
"13/12/2024 09:00:00",0,"Harelaw"
"14/12/2024 09:00:00",0.2,"Harelaw"
"15/12/2024 09:00:00",0,"Harelaw"
"16/12/2024 09:00:00",0,"Harelaw"
"17/12/2024 09:00:00",1,"Harelaw"
"18/12/2024 09:00:00",0,"Harelaw"
"19/12/2024 09:00:00",0,"Harelaw"
"20/12/2024 09:00:00",0.8,"Harelaw"
"21/12/2024 09:00:00",3,"Harelaw"
"22/12/2024 09:00:00",0,"Harelaw"
"23/12/2024 09:00:00",0,"Harelaw"
"24/12/2024 09:00:00",0,"Harelaw"
"25/12/2024 09:00:00",0,"Harelaw"
"26/12/2024 09:00:00",0,"Harelaw"
"27/12/2024 09:00:00",0,"Harelaw"
"28/12/2024 09:00:00",0.2,"Harelaw"
"29/12/2024 09:00:00",0,"Harelaw"
"30/12/2024 09:00:00",13.2,"Harelaw"
"31/12/2024 09:00:00",8.8,"Harelaw"
"01/01/2025 09:00:00",14.8,"Harelaw"
"02/01/2025 09:00:00",0,"Harelaw"
"03/01/2025 09:00:00",0,"Harelaw"
"04/01/2025 09:00:00",0.2,"Harelaw"
"05/01/2025 09:00:00",15.6,"Harelaw"
"06/01/2025 09:00:00",0,"Harelaw"
"07/01/2025 09:00:00",0,"Harelaw"
"08/01/2025 09:00:00",0,"Harelaw"
"09/01/2025 09:00:00",0,"Harelaw"
"10/01/2025 09:00:00",0,"Harelaw"
"11/01/2025 09:00:00",0.2,"Harelaw"
"12/01/2025 09:00:00",0,"Harelaw"
"13/01/2025 09:00:00",0.6,"Harelaw"
"14/01/2025 09:00:00",0,"Harelaw"
"15/01/2025 09:00:00",0,"Harelaw"
"16/01/2025 09:00:00",0,"Harelaw"
"17/01/2025 09:00:00",0,"Harelaw"
"18/01/2025 09:00:00",0,"Harelaw"
"19/01/2025 09:00:00",0,"Harelaw"
"20/01/2025 09:00:00",0,"Harelaw"
"21/01/2025 09:00:00",0,"Harelaw"
"22/01/2025 09:00:00",0.2,"Harelaw"
"23/01/2025 09:00:00",1.6,"Harelaw"
"24/01/2025 09:00:00",6.4,"Harelaw"
"25/01/2025 09:00:00",2.8,"Harelaw"
"26/01/2025 09:00:00",4.2,"Harelaw"
"27/01/2025 09:00:00",6.8,"Harelaw"
"28/01/2025 09:00:00",0,"Harelaw"
"29/01/2025 09:00:00",0.2,"Harelaw"
"30/01/2025 09:00:00",0.2,"Harelaw"
"31/01/2025 09:00:00",0,"Harelaw"
"01/02/2025 09:00:00",3.6,"Harelaw"
"02/02/2025 09:00:00",0,"Harelaw"
"03/02/2025 09:00:00",0.8,"Harelaw"
"04/02/2025 09:00:00",3,"Harelaw"
"05/02/2025 09:00:00",0,"Harelaw"
"06/02/2025 09:00:00",0,"Harelaw"
"07/02/2025 09:00:00",0.8,"Harelaw"
"08/02/2025 09:00:00",0.6,"Harelaw"
"09/02/2025 09:00:00",1,"Harelaw"
"10/02/2025 09:00:00",3.6,"Harelaw"
"11/02/2025 09:00:00",0.4,"Harelaw"
"12/02/2025 09:00:00",0,"Harelaw"
"13/02/2025 09:00:00",0,"Harelaw"
"14/02/2025 09:00:00",0.2,"Harelaw"
"15/02/2025 09:00:00",0.2,"Harelaw"
"16/02/2025 09:00:00",0,"Harelaw"
"17/02/2025 09:00:00",0.4,"Harelaw"
"18/02/2025 09:00:00",0,"Harelaw"
"19/02/2025 09:00:00",3.8,"Harelaw"
"20/02/2025 09:00:00",2.2,"Harelaw"
"21/02/2025 09:00:00",0.8,"Harelaw"
"22/02/2025 09:00:00",0,"Harelaw"
"23/02/2025 09:00:00",0.4,"Harelaw"
"24/02/2025 09:00:00",1.6,"Harelaw"
"25/02/2025 09:00:00",1,"Harelaw"
"26/02/2025 09:00:00",1,"Harelaw"
"27/02/2025 09:00:00",0.2,"Harelaw"
"28/02/2025 09:00:00",0,"Harelaw"
"01/03/2025 09:00:00",0,"Harelaw"
"02/03/2025 09:00:00",0,"Harelaw"
"03/03/2025 09:00:00",0,"Harelaw"
"04/03/2025 09:00:00",0,"Harelaw"
"05/03/2025 09:00:00",0.2,"Harelaw"
"06/03/2025 09:00:00",0,"Harelaw"
"07/03/2025 09:00:00",0,"Harelaw"
"08/03/2025 09:00:00",0.2,"Harelaw"
"09/03/2025 09:00:00",0.2,"Harelaw"
"10/03/2025 09:00:00",0,"Harelaw"
"11/03/2025 09:00:00",0,"Harelaw"
"12/03/2025 09:00:00",0,"Harelaw"
"13/03/2025 09:00:00",0.4,"Harelaw"
"14/03/2025 09:00:00",0,"Harelaw"
"15/03/2025 09:00:00",0,"Harelaw"
"16/03/2025 09:00:00",0.6,"Harelaw"
"17/03/2025 09:00:00",0,"Harelaw"
"18/03/2025 09:00:00",0,"Harelaw"
"19/03/2025 09:00:00",0,"Harelaw"
"20/03/2025 09:00:00",0.2,"Harelaw"
"21/03/2025 09:00:00",0.8,"Harelaw"
"23/03/2024 09:00:00",0,"Murray"
"24/03/2024 09:00:00",0,"Murray"
"25/03/2024 09:00:00",16.2,"Murray"
"26/03/2024 09:00:00",12.4,"Murray"
"27/03/2024 09:00:00",14.4,"Murray"
"28/03/2024 09:00:00",13.8,"Murray"
"29/03/2024 09:00:00",0.6,"Murray"
"30/03/2024 09:00:00",0,"Murray"
"31/03/2024 09:00:00",0,"Murray"
"01/04/2024 09:00:00",21.4,"Murray"
"02/04/2024 09:00:00",6,"Murray"
"03/04/2024 09:00:00",26.6,"Murray"
"04/04/2024 09:00:00",23.8,"Murray"
"05/04/2024 09:00:00",13.2,"Murray"
"06/04/2024 09:00:00",1,"Murray"
"07/04/2024 09:00:00",0,"Murray"
"08/04/2024 09:00:00",13.8,"Murray"
"09/04/2024 09:00:00",1.4,"Murray"
"10/04/2024 09:00:00",3.2,"Murray"
"11/04/2024 09:00:00",2.4,"Murray"
"12/04/2024 09:00:00",4.4,"Murray"
"13/04/2024 09:00:00",3,"Murray"
"14/04/2024 09:00:00",3.8,"Murray"
"15/04/2024 09:00:00",0,"Murray"
"16/04/2024 09:00:00",0.4,"Murray"
"17/04/2024 09:00:00",0.2,"Murray"
"18/04/2024 09:00:00",0.2,"Murray"
"19/04/2024 09:00:00",0,"Murray"
"20/04/2024 09:00:00",0,"Murray"
"21/04/2024 09:00:00",1.4,"Murray"
"22/04/2024 09:00:00",0,"Murray"
"23/04/2024 09:00:00",0,"Murray"
"24/04/2024 09:00:00",0,"Murray"
"25/04/2024 09:00:00",0,"Murray"
"26/04/2024 09:00:00",0,"Murray"
"27/04/2024 09:00:00",0.6,"Murray"
"28/04/2024 09:00:00",0,"Murray"
"29/04/2024 09:00:00",0.2,"Murray"
"30/04/2024 09:00:00",0.2,"Murray"
"01/05/2024 09:00:00",0,"Murray"
"02/05/2024 09:00:00",0,"Murray"
"03/05/2024 09:00:00",2.8,"Murray"
"04/05/2024 09:00:00",2,"Murray"
"05/05/2024 09:00:00",8.8,"Murray"
"06/05/2024 09:00:00",5.2,"Murray"
"07/05/2024 09:00:00",0.2,"Murray"
"08/05/2024 09:00:00",0.4,"Murray"
"09/05/2024 09:00:00",0,"Murray"
"10/05/2024 09:00:00",0,"Murray"
"11/05/2024 09:00:00",0,"Murray"
"12/05/2024 09:00:00",2.4,"Murray"
"13/05/2024 09:00:00",0.4,"Murray"
"14/05/2024 09:00:00",0.6,"Murray"
"15/05/2024 09:00:00",0.2,"Murray"
"16/05/2024 09:00:00",0,"Murray"
"17/05/2024 09:00:00",0,"Murray"
"18/05/2024 09:00:00",0,"Murray"
"19/05/2024 09:00:00",0,"Murray"
"20/05/2024 09:00:00",0,"Murray"
"21/05/2024 09:00:00",1,"Murray"
"22/05/2024 09:00:00",50,"Murray"
"23/05/2024 09:00:00",60.4,"Murray"
"24/05/2024 09:00:00",7.8,"Murray"
"25/05/2024 09:00:00",11,"Murray"
"26/05/2024 09:00:00",11.6,"Murray"
"27/05/2024 09:00:00",0.8,"Murray"
"28/05/2024 09:00:00",10.8,"Murray"
"29/05/2024 09:00:00",21.2,"Murray"
"30/05/2024 09:00:00",0,"Murray"
"31/05/2024 09:00:00",0,"Murray"
"01/06/2024 09:00:00",0,"Murray"
"02/06/2024 09:00:00",0.4,"Murray"
"03/06/2024 09:00:00",0.4,"Murray"
"04/06/2024 09:00:00",0,"Murray"
"05/06/2024 09:00:00",0.4,"Murray"
"06/06/2024 09:00:00",0.4,"Murray"
"07/06/2024 09:00:00",0.2,"Murray"
"08/06/2024 09:00:00",0,"Murray"
"09/06/2024 09:00:00",0,"Murray"
"10/06/2024 09:00:00",2.2,"Murray"
"11/06/2024 09:00:00",0,"Murray"
"12/06/2024 09:00:00",0,"Murray"
"13/06/2024 09:00:00",5.4,"Murray"
"14/06/2024 09:00:00",10.8,"Murray"
"15/06/2024 09:00:00",0.6,"Murray"
"16/06/2024 09:00:00",3.4,"Murray"
"17/06/2024 09:00:00",0.4,"Murray"
"18/06/2024 09:00:00",1.4,"Murray"
"19/06/2024 09:00:00",0,"Murray"
"20/06/2024 09:00:00",0,"Murray"
"21/06/2024 09:00:00",2,"Murray"
"22/06/2024 09:00:00",0,"Murray"
"23/06/2024 09:00:00",0,"Murray"
"24/06/2024 09:00:00",0,"Murray"
"25/06/2024 09:00:00",3.2,"Murray"
"26/06/2024 09:00:00",0.2,"Murray"
"27/06/2024 09:00:00",0.4,"Murray"
"28/06/2024 09:00:00",1.8,"Murray"
"29/06/2024 09:00:00",0,"Murray"
"30/06/2024 09:00:00",0,"Murray"
"01/07/2024 09:00:00",0.9,"Murray"
"02/07/2024 09:00:00",2,"Murray"
"03/07/2024 09:00:00",0.6,"Murray"
"04/07/2024 09:00:00",2,"Murray"
"05/07/2024 09:00:00",0,"Murray"
"06/07/2024 09:00:00",3.4,"Murray"
"07/07/2024 09:00:00",0,"Murray"
"08/07/2024 09:00:00",0,"Murray"
"09/07/2024 09:00:00",16,"Murray"
"10/07/2024 09:00:00",0.6,"Murray"
"11/07/2024 09:00:00",0.2,"Murray"
"12/07/2024 09:00:00",0.4,"Murray"
"13/07/2024 09:00:00",4.8,"Murray"
"14/07/2024 09:00:00",0,"Murray"
"15/07/2024 09:00:00",5.8,"Murray"
"16/07/2024 09:00:00",0,"Murray"
"17/07/2024 09:00:00",0.6,"Murray"
"18/07/2024 09:00:00",0,"Murray"
"19/07/2024 09:00:00",0,"Murray"
"20/07/2024 09:00:00",9.8,"Murray"
"21/07/2024 09:00:00",0.6,"Murray"
"22/07/2024 09:00:00",0.8,"Murray"
"23/07/2024 09:00:00",0,"Murray"
"24/07/2024 09:00:00",0.4,"Murray"
"25/07/2024 09:00:00",11.2,"Murray"
"26/07/2024 09:00:00",0,"Murray"
"27/07/2024 09:00:00",0,"Murray"
"28/07/2024 09:00:00",0,"Murray"
"29/07/2024 09:00:00",0,"Murray"
"30/07/2024 09:00:00",0,"Murray"
"31/07/2024 09:00:00",0.4,"Murray"
"01/08/2024 09:00:00",0,"Murray"
"02/08/2024 09:00:00",0.4,"Murray"
"03/08/2024 09:00:00",0.2,"Murray"
"04/08/2024 09:00:00",5.2,"Murray"
"05/08/2024 09:00:00",2,"Murray"
"06/08/2024 09:00:00",0,"Murray"
"07/08/2024 09:00:00",0.2,"Murray"
"08/08/2024 09:00:00",7,"Murray"
"09/08/2024 09:00:00",1.4,"Murray"
"10/08/2024 09:00:00",0,"Murray"
"11/08/2024 09:00:00",2.2,"Murray"
"12/08/2024 09:00:00",0,"Murray"
"13/08/2024 09:00:00",0,"Murray"
"14/08/2024 09:00:00",4,"Murray"
"15/08/2024 09:00:00",2.8,"Murray"
"16/08/2024 09:00:00",0.2,"Murray"
"17/08/2024 09:00:00",0.2,"Murray"
"18/08/2024 09:00:00",0,"Murray"
"19/08/2024 09:00:00",2.2,"Murray"
"20/08/2024 09:00:00",0.8,"Murray"
"21/08/2024 09:00:00",3.4,"Murray"
"22/08/2024 09:00:00",15.4,"Murray"
"23/08/2024 09:00:00",2.2,"Murray"
"24/08/2024 09:00:00",0.2,"Murray"
"25/08/2024 09:00:00",4.2,"Murray"
"26/08/2024 09:00:00",4.4,"Murray"
"27/08/2024 09:00:00",1,"Murray"
"28/08/2024 09:00:00",1.4,"Murray"
"29/08/2024 09:00:00",0.4,"Murray"
"30/08/2024 09:00:00",0,"Murray"
"31/08/2024 09:00:00",0,"Murray"
"01/09/2024 09:00:00",12.6,"Murray"
"02/09/2024 09:00:00",9.4,"Murray"
"03/09/2024 09:00:00",0,"Murray"
"04/09/2024 09:00:00",0.4,"Murray"
"05/09/2024 09:00:00",2.6,"Murray"
"06/09/2024 09:00:00",1.6,"Murray"
"07/09/2024 09:00:00",0.2,"Murray"
"08/09/2024 09:00:00",4.8,"Murray"
"09/09/2024 09:00:00",5.2,"Murray"
"10/09/2024 09:00:00",0,"Murray"
"11/09/2024 09:00:00",0.4,"Murray"
"12/09/2024 09:00:00",0,"Murray"
"13/09/2024 09:00:00",0.2,"Murray"
"14/09/2024 09:00:00",0.6,"Murray"
"15/09/2024 09:00:00",0,"Murray"
"16/09/2024 09:00:00",0,"Murray"
"17/09/2024 09:00:00",0.4,"Murray"
"18/09/2024 09:00:00",0,"Murray"
"19/09/2024 09:00:00",0.2,"Murray"
"20/09/2024 09:00:00",1.2,"Murray"
"21/09/2024 09:00:00",0.2,"Murray"
"22/09/2024 09:00:00",0,"Murray"
"23/09/2024 09:00:00",1.6,"Murray"
"24/09/2024 09:00:00",0.8,"Murray"
"25/09/2024 09:00:00",18.8,"Murray"
"26/09/2024 09:00:00",0.2,"Murray"
"27/09/2024 09:00:00",0,"Murray"
"28/09/2024 09:00:00",0.4,"Murray"
"29/09/2024 09:00:00",0.2,"Murray"
"30/09/2024 09:00:00",2.2,"Murray"
"01/10/2024 09:00:00",0.2,"Murray"
"02/10/2024 09:00:00",0,"Murray"
"03/10/2024 09:00:00",0,"Murray"
"04/10/2024 09:00:00",0.4,"Murray"
"05/10/2024 09:00:00",0.2,"Murray"
"06/10/2024 09:00:00",11.8,"Murray"
"07/10/2024 09:00:00",3.8,"Murray"
"08/10/2024 09:00:00",12.8,"Murray"
"09/10/2024 09:00:00",0,"Murray"
"10/10/2024 09:00:00",0,"Murray"
"11/10/2024 09:00:00",1.6,"Murray"
"12/10/2024 09:00:00",4.8,"Murray"
"13/10/2024 09:00:00",0,"Murray"
"14/10/2024 09:00:00",0,"Murray"
"15/10/2024 09:00:00",2.4,"Murray"
"16/10/2024 09:00:00",11.4,"Murray"
"17/10/2024 09:00:00",0.6,"Murray"
"18/10/2024 09:00:00",2.2,"Murray"
"19/10/2024 09:00:00",3,"Murray"
"20/10/2024 09:00:00",6.8,"Murray"
"21/10/2024 09:00:00",3.2,"Murray"
"22/10/2024 09:00:00",0.4,"Murray"
"23/10/2024 09:00:00",0,"Murray"
"24/10/2024 09:00:00",0,"Murray"
"25/10/2024 09:00:00",0.8,"Murray"
"26/10/2024 09:00:00",2.4,"Murray"
"27/10/2024 09:00:00",2.2,"Murray"
"28/10/2024 09:00:00",0,"Murray"
"29/10/2024 09:00:00",0,"Murray"
"30/10/2024 09:00:00",0,"Murray"
"31/10/2024 09:00:00",0,"Murray"
"01/11/2024 09:00:00",2.2,"Murray"
"02/11/2024 09:00:00",0.2,"Murray"
"03/11/2024 09:00:00",0,"Murray"
"04/11/2024 09:00:00",0,"Murray"
"05/11/2024 09:00:00",0,"Murray"
"06/11/2024 09:00:00",0,"Murray"
"07/11/2024 09:00:00",0,"Murray"
"08/11/2024 09:00:00",0,"Murray"
"09/11/2024 09:00:00",0.6,"Murray"
"10/11/2024 09:00:00",0,"Murray"
"11/11/2024 09:00:00",0,"Murray"
"12/11/2024 09:00:00",0,"Murray"
"13/11/2024 09:00:00",0,"Murray"
"14/11/2024 09:00:00",0,"Murray"
"15/11/2024 09:00:00",0,"Murray"
"16/11/2024 09:00:00",0,"Murray"
"17/11/2024 09:00:00",0.2,"Murray"
"18/11/2024 09:00:00",0,"Murray"
"19/11/2024 09:00:00",0,"Murray"
"20/11/2024 09:00:00",0,"Murray"
"21/11/2024 09:00:00",0,"Murray"
"22/11/2024 09:00:00",3,"Murray"
"23/11/2024 09:00:00",17.6,"Murray"
"24/11/2024 09:00:00",0.2,"Murray"
"25/11/2024 09:00:00",0.2,"Murray"
"26/11/2024 09:00:00",2.8,"Murray"
"27/11/2024 09:00:00",0,"Murray"
"28/11/2024 09:00:00",1,"Murray"
"29/11/2024 09:00:00",0,"Murray"
"30/11/2024 09:00:00",1.2,"Murray"
"01/12/2024 09:00:00",5,"Murray"
"02/12/2024 09:00:00",0,"Murray"
"03/12/2024 09:00:00",3.4,"Murray"
"04/12/2024 09:00:00",4.6,"Murray"
"05/12/2024 09:00:00",0.4,"Murray"
"06/12/2024 09:00:00",20.2,"Murray"
"07/12/2024 09:00:00",3.8,"Murray"
"08/12/2024 09:00:00",0,"Murray"
"09/12/2024 09:00:00",0,"Murray"
"10/12/2024 09:00:00",1.1,"Murray"
"11/12/2024 09:00:00",0,"Murray"
"12/12/2024 09:00:00",0,"Murray"
"13/12/2024 09:00:00",0,"Murray"
"14/12/2024 09:00:00",0,"Murray"
"15/12/2024 09:00:00",0.2,"Murray"
"16/12/2024 09:00:00",0.2,"Murray"
"17/12/2024 09:00:00",2,"Murray"
"18/12/2024 09:00:00",0,"Murray"
"19/12/2024 09:00:00",0,"Murray"
"20/12/2024 09:00:00",1.6,"Murray"
"21/12/2024 09:00:00",3,"Murray"
"22/12/2024 09:00:00",0,"Murray"
"23/12/2024 09:00:00",0,"Murray"
"24/12/2024 09:00:00",0,"Murray"
"25/12/2024 09:00:00",0,"Murray"
"26/12/2024 09:00:00",0.2,"Murray"
"27/12/2024 09:00:00",0,"Murray"
"28/12/2024 09:00:00",0,"Murray"
"29/12/2024 09:00:00",0,"Murray"
"30/12/2024 09:00:00",21.2,"Murray"
"31/12/2024 09:00:00",10.8,"Murray"
"01/01/2025 09:00:00",16,"Murray"
"02/01/2025 09:00:00",0.2,"Murray"
"03/01/2025 09:00:00",0,"Murray"
"04/01/2025 09:00:00",0.4,"Murray"
"05/01/2025 09:00:00",0.2,"Murray"
"06/01/2025 09:00:00",0.2,"Murray"
"07/01/2025 09:00:00",0,"Murray"
"08/01/2025 09:00:00",0,"Murray"
"09/01/2025 09:00:00",0,"Murray"
"10/01/2025 09:00:00",0,"Murray"
"11/01/2025 09:00:00",0,"Murray"
"12/01/2025 09:00:00",0.2,"Murray"
"13/01/2025 09:00:00",0.6,"Murray"
"14/01/2025 09:00:00",0,"Murray"
"15/01/2025 09:00:00",0,"Murray"
"16/01/2025 09:00:00",0,"Murray"
"17/01/2025 09:00:00",0,"Murray"
"18/01/2025 09:00:00",0,"Murray"
"19/01/2025 09:00:00",0,"Murray"
"20/01/2025 09:00:00",0,"Murray"
"21/01/2025 09:00:00",0,"Murray"
"22/01/2025 09:00:00",0,"Murray"
"23/01/2025 09:00:00",3.4,"Murray"
"24/01/2025 09:00:00",6,"Murray"
"25/01/2025 09:00:00",5.2,"Murray"
"26/01/2025 09:00:00",3,"Murray"
"27/01/2025 09:00:00",5.4,"Murray"
"28/01/2025 09:00:00",0,"Murray"
"29/01/2025 09:00:00",0,"Murray"
"30/01/2025 09:00:00",0,"Murray"
"31/01/2025 09:00:00",0,"Murray"
"01/02/2025 09:00:00",2.6,"Murray"
"02/02/2025 09:00:00",0,"Murray"
"03/02/2025 09:00:00",2.4,"Murray"
"04/02/2025 09:00:00",5.2,"Murray"
"05/02/2025 09:00:00",0.4,"Murray"
"06/02/2025 09:00:00",0,"Murray"
"07/02/2025 09:00:00",0.4,"Murray"
"08/02/2025 09:00:00",1.6,"Murray"
"09/02/2025 09:00:00",1.4,"Murray"
"10/02/2025 09:00:00",4.8,"Murray"
"11/02/2025 09:00:00",0.6,"Murray"
"12/02/2025 09:00:00",0,"Murray"
"13/02/2025 09:00:00",0,"Murray"
"14/02/2025 09:00:00",0.6,"Murray"
"15/02/2025 09:00:00",0.6,"Murray"
"16/02/2025 09:00:00",0,"Murray"
"17/02/2025 09:00:00",0.2,"Murray"
"18/02/2025 09:00:00",0,"Murray"
"19/02/2025 09:00:00",2.6,"Murray"
"20/02/2025 09:00:00",4.4,"Murray"
"21/02/2025 09:00:00",2.8,"Murray"
"22/02/2025 09:00:00",1,"Murray"
"23/02/2025 09:00:00",2.2,"Murray"
"24/02/2025 09:00:00",4,"Murray"
"25/02/2025 09:00:00",0.6,"Murray"
"26/02/2025 09:00:00",0.2,"Murray"
"27/02/2025 09:00:00",0,"Murray"
"28/02/2025 09:00:00",0.2,"Murray"
"01/03/2025 09:00:00",0,"Murray"
"02/03/2025 09:00:00",0,"Murray"
"03/03/2025 09:00:00",0,"Murray"
"04/03/2025 09:00:00",0.4,"Murray"
"05/03/2025 09:00:00",0.2,"Murray"
"06/03/2025 09:00:00",0,"Murray"
"07/03/2025 09:00:00",0,"Murray"
"08/03/2025 09:00:00",0,"Murray"
"09/03/2025 09:00:00",0,"Murray"
"10/03/2025 09:00:00",0.2,"Murray"
"11/03/2025 09:00:00",0,"Murray"
"12/03/2025 09:00:00",0,"Murray"
"13/03/2025 09:00:00",0.4,"Murray"
"14/03/2025 09:00:00",0,"Murray"
"15/03/2025 09:00:00",0,"Murray"
"16/03/2025 09:00:00",0,"Murray"
"17/03/2025 09:00:00",0,"Murray"
"18/03/2025 09:00:00",0,"Murray"
"19/03/2025 09:00:00",0,"Murray"
"20/03/2025 09:00:00",0,"Murray"
"21/03/2025 09:00:00",0.4,"Murray"
"23/03/2024 09:00:00",0.2,"RBGE"
"24/03/2024 09:00:00",0,"RBGE"
"25/03/2024 09:00:00",8.8,"RBGE"
"26/03/2024 09:00:00",7.6,"RBGE"
"27/03/2024 09:00:00",7.8,"RBGE"
"28/03/2024 09:00:00",12,"RBGE"
"29/03/2024 09:00:00",0.8,"RBGE"
"30/03/2024 09:00:00",0.2,"RBGE"
"31/03/2024 09:00:00",0,"RBGE"
"01/04/2024 09:00:00",8,"RBGE"
"02/04/2024 09:00:00",3.2,"RBGE"
"03/04/2024 09:00:00",12.2,"RBGE"
"04/04/2024 09:00:00",18,"RBGE"
"05/04/2024 09:00:00",7.6,"RBGE"
"06/04/2024 09:00:00",0.2,"RBGE"
"07/04/2024 09:00:00",0,"RBGE"
"08/04/2024 09:00:00",14.8,"RBGE"
"09/04/2024 09:00:00",3.8,"RBGE"
"10/04/2024 09:00:00",1.8,"RBGE"
"11/04/2024 09:00:00",2.4,"RBGE"
"12/04/2024 09:00:00",2,"RBGE"
"13/04/2024 09:00:00",2.2,"RBGE"
"14/04/2024 09:00:00",3.4,"RBGE"
"15/04/2024 09:00:00",0,"RBGE"
"16/04/2024 09:00:00",0,"RBGE"
"17/04/2024 09:00:00",0,"RBGE"
"18/04/2024 09:00:00",2.2,"RBGE"
"19/04/2024 09:00:00",0,"RBGE"
"20/04/2024 09:00:00",0,"RBGE"
"21/04/2024 09:00:00",0.4,"RBGE"
"22/04/2024 09:00:00",0,"RBGE"
"23/04/2024 09:00:00",0,"RBGE"
"24/04/2024 09:00:00",0,"RBGE"
"25/04/2024 09:00:00",0,"RBGE"
"26/04/2024 09:00:00",0,"RBGE"
"27/04/2024 09:00:00",0.6,"RBGE"
"28/04/2024 09:00:00",0,"RBGE"
"29/04/2024 09:00:00",0,"RBGE"
"30/04/2024 09:00:00",0,"RBGE"
"01/05/2024 09:00:00",0,"RBGE"
"02/05/2024 09:00:00",0,"RBGE"
"03/05/2024 09:00:00",0.8,"RBGE"
"04/05/2024 09:00:00",1.2,"RBGE"
"05/05/2024 09:00:00",8,"RBGE"
"06/05/2024 09:00:00",1.2,"RBGE"
"07/05/2024 09:00:00",0,"RBGE"
"08/05/2024 09:00:00",0.4,"RBGE"
"09/05/2024 09:00:00",0,"RBGE"
"10/05/2024 09:00:00",0,"RBGE"
"11/05/2024 09:00:00",0,"RBGE"
"12/05/2024 09:00:00",2.2,"RBGE"
"13/05/2024 09:00:00",0,"RBGE"
"14/05/2024 09:00:00",0.6,"RBGE"
"15/05/2024 09:00:00",0,"RBGE"
"16/05/2024 09:00:00",0,"RBGE"
"17/05/2024 09:00:00",0,"RBGE"
"18/05/2024 09:00:00",0,"RBGE"
"19/05/2024 09:00:00",0,"RBGE"
"20/05/2024 09:00:00",0,"RBGE"
"21/05/2024 09:00:00",0.2,"RBGE"
"22/05/2024 09:00:00",22.6,"RBGE"
"23/05/2024 09:00:00",52.6,"RBGE"
"24/05/2024 09:00:00",3.4,"RBGE"
"25/05/2024 09:00:00",6.8,"RBGE"
"26/05/2024 09:00:00",9.8,"RBGE"
"27/05/2024 09:00:00",9.6,"RBGE"
"28/05/2024 09:00:00",8.4,"RBGE"
"29/05/2024 09:00:00",25.2,"RBGE"
"30/05/2024 09:00:00",0,"RBGE"
"31/05/2024 09:00:00",0,"RBGE"
"01/06/2024 09:00:00",0,"RBGE"
"02/06/2024 09:00:00",0.2,"RBGE"
"03/06/2024 09:00:00",0.4,"RBGE"
"04/06/2024 09:00:00",0,"RBGE"
"05/06/2024 09:00:00",2.8,"RBGE"
"06/06/2024 09:00:00",0.4,"RBGE"
"07/06/2024 09:00:00",0,"RBGE"
"08/06/2024 09:00:00",0,"RBGE"
"09/06/2024 09:00:00",0.2,"RBGE"
"10/06/2024 09:00:00",0.2,"RBGE"
"11/06/2024 09:00:00",0,"RBGE"
"12/06/2024 09:00:00",0,"RBGE"
"13/06/2024 09:00:00",11.2,"RBGE"
"14/06/2024 09:00:00",16.8,"RBGE"
"15/06/2024 09:00:00",0,"RBGE"
"16/06/2024 09:00:00",1.8,"RBGE"
"17/06/2024 09:00:00",11,"RBGE"
"18/06/2024 09:00:00",1.4,"RBGE"
"19/06/2024 09:00:00",0,"RBGE"
"20/06/2024 09:00:00",0,"RBGE"
"21/06/2024 09:00:00",0.6,"RBGE"
"22/06/2024 09:00:00",0,"RBGE"
"23/06/2024 09:00:00",0,"RBGE"
"24/06/2024 09:00:00",0,"RBGE"
"25/06/2024 09:00:00",5,"RBGE"
"26/06/2024 09:00:00",0,"RBGE"
"27/06/2024 09:00:00",0,"RBGE"
"28/06/2024 09:00:00",0.6,"RBGE"
"29/06/2024 09:00:00",0,"RBGE"
"30/06/2024 09:00:00",0.2,"RBGE"
"01/07/2024 09:00:00",0.8,"RBGE"
"02/07/2024 09:00:00",1.6,"RBGE"
"03/07/2024 09:00:00",2.2,"RBGE"
"04/07/2024 09:00:00",1,"RBGE"
"05/07/2024 09:00:00",0,"RBGE"
"06/07/2024 09:00:00",5,"RBGE"
"07/07/2024 09:00:00",0.2,"RBGE"
"08/07/2024 09:00:00",0,"RBGE"
"09/07/2024 09:00:00",9.2,"RBGE"
"10/07/2024 09:00:00",0,"RBGE"
"11/07/2024 09:00:00",0,"RBGE"
"12/07/2024 09:00:00",0.4,"RBGE"
"13/07/2024 09:00:00",3.4,"RBGE"
"14/07/2024 09:00:00",0,"RBGE"
"15/07/2024 09:00:00",1.4,"RBGE"
"16/07/2024 09:00:00",0.2,"RBGE"
"17/07/2024 09:00:00",1.4,"RBGE"
"18/07/2024 09:00:00",0,"RBGE"
"19/07/2024 09:00:00",0,"RBGE"
"20/07/2024 09:00:00",9,"RBGE"
"21/07/2024 09:00:00",0.6,"RBGE"
"22/07/2024 09:00:00",0.2,"RBGE"
"23/07/2024 09:00:00",0,"RBGE"
"24/07/2024 09:00:00",0,"RBGE"
"25/07/2024 09:00:00",7.6,"RBGE"
"26/07/2024 09:00:00",0,"RBGE"
"27/07/2024 09:00:00",2.8,"RBGE"
"28/07/2024 09:00:00",0,"RBGE"
"29/07/2024 09:00:00",0,"RBGE"
"30/07/2024 09:00:00",0,"RBGE"
"31/07/2024 09:00:00",0.2,"RBGE"
"01/08/2024 09:00:00",0.2,"RBGE"
"02/08/2024 09:00:00",0,"RBGE"
"03/08/2024 09:00:00",0,"RBGE"
"04/08/2024 09:00:00",7.2,"RBGE"
"05/08/2024 09:00:00",0.8,"RBGE"
"06/08/2024 09:00:00",0,"RBGE"
"07/08/2024 09:00:00",0.2,"RBGE"
"08/08/2024 09:00:00",5.6,"RBGE"
"09/08/2024 09:00:00",0.4,"RBGE"
"10/08/2024 09:00:00",0,"RBGE"
"11/08/2024 09:00:00",1,"RBGE"
"12/08/2024 09:00:00",0,"RBGE"
"13/08/2024 09:00:00",0.6,"RBGE"
"14/08/2024 09:00:00",3.2,"RBGE"
"15/08/2024 09:00:00",4,"RBGE"
"16/08/2024 09:00:00",0.6,"RBGE"
"17/08/2024 09:00:00",0.2,"RBGE"
"18/08/2024 09:00:00",0,"RBGE"
"19/08/2024 09:00:00",3,"RBGE"
"20/08/2024 09:00:00",0.4,"RBGE"
"21/08/2024 09:00:00",2,"RBGE"
"22/08/2024 09:00:00",15.4,"RBGE"
"23/08/2024 09:00:00",1.6,"RBGE"
"24/08/2024 09:00:00",0,"RBGE"
"25/08/2024 09:00:00",1.2,"RBGE"
"26/08/2024 09:00:00",2,"RBGE"
"27/08/2024 09:00:00",1.4,"RBGE"
"28/08/2024 09:00:00",1.4,"RBGE"
"29/08/2024 09:00:00",0.2,"RBGE"
"30/08/2024 09:00:00",0,"RBGE"
"31/08/2024 09:00:00",0,"RBGE"
"01/09/2024 09:00:00",6,"RBGE"
"02/09/2024 09:00:00",2.6,"RBGE"
"03/09/2024 09:00:00",0.8,"RBGE"
"04/09/2024 09:00:00",0,"RBGE"
"05/09/2024 09:00:00",0.6,"RBGE"
"06/09/2024 09:00:00",1.4,"RBGE"
"07/09/2024 09:00:00",0.2,"RBGE"
"08/09/2024 09:00:00",4.6,"RBGE"
"09/09/2024 09:00:00",2.8,"RBGE"
"10/09/2024 09:00:00",0,"RBGE"
"11/09/2024 09:00:00",0.8,"RBGE"
"12/09/2024 09:00:00",0,"RBGE"
"13/09/2024 09:00:00",0.4,"RBGE"
"14/09/2024 09:00:00",0.8,"RBGE"
"15/09/2024 09:00:00",0,"RBGE"
"16/09/2024 09:00:00",0,"RBGE"
"17/09/2024 09:00:00",0,"RBGE"
"18/09/2024 09:00:00",0,"RBGE"
"19/09/2024 09:00:00",0.6,"RBGE"
"20/09/2024 09:00:00",0.6,"RBGE"
"21/09/2024 09:00:00",0,"RBGE"
"22/09/2024 09:00:00",0,"RBGE"
"23/09/2024 09:00:00",1.4,"RBGE"
"24/09/2024 09:00:00",0.6,"RBGE"
"25/09/2024 09:00:00",16,"RBGE"
"26/09/2024 09:00:00",0,"RBGE"
"27/09/2024 09:00:00",0,"RBGE"
"28/09/2024 09:00:00",0,"RBGE"
"29/09/2024 09:00:00",1.2,"RBGE"
"30/09/2024 09:00:00",3.2,"RBGE"
"01/10/2024 09:00:00",0,"RBGE"
"02/10/2024 09:00:00",0,"RBGE"
"03/10/2024 09:00:00",0,"RBGE"
"04/10/2024 09:00:00",0.2,"RBGE"
"05/10/2024 09:00:00",0.2,"RBGE"
"06/10/2024 09:00:00",8.2,"RBGE"
"07/10/2024 09:00:00",0.6,"RBGE"
"08/10/2024 09:00:00",4,"RBGE"
"09/10/2024 09:00:00",0,"RBGE"
"10/10/2024 09:00:00",0,"RBGE"
"11/10/2024 09:00:00",1,"RBGE"
"12/10/2024 09:00:00",8,"RBGE"
"13/10/2024 09:00:00",0,"RBGE"
"14/10/2024 09:00:00",0,"RBGE"
"15/10/2024 09:00:00",2,"RBGE"
"16/10/2024 09:00:00",13.4,"RBGE"
"17/10/2024 09:00:00",1.2,"RBGE"
"18/10/2024 09:00:00",1.6,"RBGE"
"19/10/2024 09:00:00",2,"RBGE"
"20/10/2024 09:00:00",4.8,"RBGE"
"21/10/2024 09:00:00",0.2,"RBGE"
"22/10/2024 09:00:00",0,"RBGE"
"23/10/2024 09:00:00",0,"RBGE"
"24/10/2024 09:00:00",0,"RBGE"
"25/10/2024 09:00:00",0.6,"RBGE"
"26/10/2024 09:00:00",2.6,"RBGE"
"27/10/2024 09:00:00",3.6,"RBGE"
"28/10/2024 09:00:00",0,"RBGE"
"29/10/2024 09:00:00",0,"RBGE"
"30/10/2024 09:00:00",0,"RBGE"
"31/10/2024 09:00:00",0.2,"RBGE"
"01/11/2024 09:00:00",2.6,"RBGE"
"02/11/2024 09:00:00",0,"RBGE"
"03/11/2024 09:00:00",0,"RBGE"
"04/11/2024 09:00:00",0,"RBGE"
"05/11/2024 09:00:00",0,"RBGE"
"06/11/2024 09:00:00",0,"RBGE"
"07/11/2024 09:00:00",0,"RBGE"
"08/11/2024 09:00:00",0,"RBGE"
"09/11/2024 09:00:00",0,"RBGE"
"10/11/2024 09:00:00",0.2,"RBGE"
"11/11/2024 09:00:00",0,"RBGE"
"12/11/2024 09:00:00",0.2,"RBGE"
"13/11/2024 09:00:00",0,"RBGE"
"14/11/2024 09:00:00",0.2,"RBGE"
"15/11/2024 09:00:00",0,"RBGE"
"16/11/2024 09:00:00",0,"RBGE"
"17/11/2024 09:00:00",0,"RBGE"
"18/11/2024 09:00:00",0,"RBGE"
"19/11/2024 09:00:00",0,"RBGE"
"20/11/2024 09:00:00",0,"RBGE"
"21/11/2024 09:00:00",0,"RBGE"
"22/11/2024 09:00:00",2.4,"RBGE"
"23/11/2024 09:00:00",14.2,"RBGE"
"24/11/2024 09:00:00",0,"RBGE"
"25/11/2024 09:00:00",0,"RBGE"
"26/11/2024 09:00:00",2.6,"RBGE"
"27/11/2024 09:00:00",0,"RBGE"
"28/11/2024 09:00:00",0.8,"RBGE"
"29/11/2024 09:00:00",0,"RBGE"
"30/11/2024 09:00:00",0.6,"RBGE"
"01/12/2024 09:00:00",3.6,"RBGE"
"02/12/2024 09:00:00",0,"RBGE"
"03/12/2024 09:00:00",2.2,"RBGE"
"04/12/2024 09:00:00",3.4,"RBGE"
"05/12/2024 09:00:00",0.4,"RBGE"
"06/12/2024 09:00:00",16.4,"RBGE"
"07/12/2024 09:00:00",2.4,"RBGE"
"08/12/2024 09:00:00",0,"RBGE"
"09/12/2024 09:00:00",0,"RBGE"
"10/12/2024 09:00:00",0,"RBGE"
"11/12/2024 09:00:00",0,"RBGE"
"12/12/2024 09:00:00",0,"RBGE"
"13/12/2024 09:00:00",0,"RBGE"
"14/12/2024 09:00:00",0.2,"RBGE"
"15/12/2024 09:00:00",0.2,"RBGE"
"16/12/2024 09:00:00",0.6,"RBGE"
"17/12/2024 09:00:00",0.8,"RBGE"
"18/12/2024 09:00:00",0,"RBGE"
"19/12/2024 09:00:00",0,"RBGE"
"20/12/2024 09:00:00",0.2,"RBGE"
"21/12/2024 09:00:00",4,"RBGE"
"22/12/2024 09:00:00",0,"RBGE"
"23/12/2024 09:00:00",0.2,"RBGE"
"24/12/2024 09:00:00",0,"RBGE"
"25/12/2024 09:00:00",0,"RBGE"
"26/12/2024 09:00:00",0.2,"RBGE"
"27/12/2024 09:00:00",0,"RBGE"
"28/12/2024 09:00:00",0.6,"RBGE"
"29/12/2024 09:00:00",0,"RBGE"
"30/12/2024 09:00:00",14.6,"RBGE"
"31/12/2024 09:00:00",10.4,"RBGE"
"01/01/2025 09:00:00",10.8,"RBGE"
"02/01/2025 09:00:00",0,"RBGE"
"03/01/2025 09:00:00",0,"RBGE"
"04/01/2025 09:00:00",0.4,"RBGE"
"05/01/2025 09:00:00",15.2,"RBGE"
"06/01/2025 09:00:00",0,"RBGE"
"07/01/2025 09:00:00",0,"RBGE"
"08/01/2025 09:00:00",0,"RBGE"
"09/01/2025 09:00:00",0,"RBGE"
"10/01/2025 09:00:00",0,"RBGE"
"11/01/2025 09:00:00",0.2,"RBGE"
"12/01/2025 09:00:00",0.2,"RBGE"
"13/01/2025 09:00:00",0,"RBGE"
"14/01/2025 09:00:00",0,"RBGE"
"15/01/2025 09:00:00",0,"RBGE"
"16/01/2025 09:00:00",0,"RBGE"
"17/01/2025 09:00:00",0,"RBGE"
"18/01/2025 09:00:00",0,"RBGE"
"19/01/2025 09:00:00",0,"RBGE"
"20/01/2025 09:00:00",0,"RBGE"
"21/01/2025 09:00:00",0,"RBGE"
"22/01/2025 09:00:00",0.2,"RBGE"
"23/01/2025 09:00:00",2.2,"RBGE"
"24/01/2025 09:00:00",7.2,"RBGE"
"25/01/2025 09:00:00",3.8,"RBGE"
"26/01/2025 09:00:00",2.8,"RBGE"
"27/01/2025 09:00:00",4,"RBGE"
"28/01/2025 09:00:00",0,"RBGE"
"29/01/2025 09:00:00",0.2,"RBGE"
"30/01/2025 09:00:00",0,"RBGE"
"31/01/2025 09:00:00",0,"RBGE"
"01/02/2025 09:00:00",4,"RBGE"
"02/02/2025 09:00:00",0,"RBGE"
"03/02/2025 09:00:00",0.8,"RBGE"
"04/02/2025 09:00:00",6.2,"RBGE"
"05/02/2025 09:00:00",0.4,"RBGE"
"06/02/2025 09:00:00",0.2,"RBGE"
"07/02/2025 09:00:00",0.2,"RBGE"
"08/02/2025 09:00:00",0,"RBGE"
"09/02/2025 09:00:00",1.8,"RBGE"
"10/02/2025 09:00:00",2.4,"RBGE"
"11/02/2025 09:00:00",0.6,"RBGE"
"12/02/2025 09:00:00",0,"RBGE"
"13/02/2025 09:00:00",0.2,"RBGE"
"14/02/2025 09:00:00",0.2,"RBGE"
"15/02/2025 09:00:00",0.4,"RBGE"
"16/02/2025 09:00:00",0,"RBGE"
"17/02/2025 09:00:00",0.2,"RBGE"
"18/02/2025 09:00:00",0,"RBGE"
"19/02/2025 09:00:00",2,"RBGE"
"20/02/2025 09:00:00",2.4,"RBGE"
"21/02/2025 09:00:00",1.6,"RBGE"
"22/02/2025 09:00:00",0.6,"RBGE"
"23/02/2025 09:00:00",0.6,"RBGE"
"24/02/2025 09:00:00",4.2,"RBGE"
"25/02/2025 09:00:00",0.6,"RBGE"
"26/02/2025 09:00:00",0.6,"RBGE"
"27/02/2025 09:00:00",0,"RBGE"
"28/02/2025 09:00:00",0,"RBGE"
"01/03/2025 09:00:00",0.2,"RBGE"
"02/03/2025 09:00:00",0,"RBGE"
"03/03/2025 09:00:00",0,"RBGE"
"04/03/2025 09:00:00",0.2,"RBGE"
"05/03/2025 09:00:00",0,"RBGE"
"06/03/2025 09:00:00",0,"RBGE"
"07/03/2025 09:00:00",0,"RBGE"
"08/03/2025 09:00:00",0,"RBGE"
"09/03/2025 09:00:00",0,"RBGE"
"10/03/2025 09:00:00",0,"RBGE"
"11/03/2025 09:00:00",0.2,"RBGE"
"12/03/2025 09:00:00",0,"RBGE"
"13/03/2025 09:00:00",0.4,"RBGE"
"14/03/2025 09:00:00",0,"RBGE"
"15/03/2025 09:00:00",0,"RBGE"
"16/03/2025 09:00:00",0.4,"RBGE"
"17/03/2025 09:00:00",0,"RBGE"
"18/03/2025 09:00:00",0,"RBGE"
"19/03/2025 09:00:00",0,"RBGE"
"20/03/2025 09:00:00",0,"RBGE"
"21/03/2025 09:00:00",0.6,"RBGE"
